,timestamp,sensor_id,sensor,measurement,sensor_type,value
0,2025-08-24T12:36:28.630,ESP32,DHT11,temperature-humidity,humidity,20
1,2025-08-24T12:36:28.630,ESP32,DHT11,temperature-humidity,temperature,21
2,2025-08-24T12:36:31.581,ESP32,DHT11,temperature-humidity,temperature,21
3,2025-08-24T12:36:31.581,ESP32,DHT11,temperature-humidity,humidity,20
4,2025-08-24T12:36:34.072,ESP32,DHT11,temperature-humidity,humidity,20
5,2025-08-24T12:36:34.072,ESP32,DHT11,temperature-humidity,temperature,21
6,2025-08-24T12:36:37.112,ESP32,DHT11,temperature-humidity,humidity,20
7,2025-08-24T12:36:37.112,ESP32,DHT11,temperature-humidity,temperature,21
8,2025-08-24T12:36:47.265,ESP32,DHT11,temperature-humidity,humidity,20
9,2025-08-24T12:36:47.265,ESP32,DHT11,temperature-humidity,temperature,21
10,2025-08-24T12:36:49.741,ESP32,DHT11,temperature-humidity,temperature,21
11,2025-08-24T12:36:49.741,ESP32,DHT11,temperature-humidity,humidity,20
12,2025-08-24T12:36:52.201,ESP32,DHT11,temperature-humidity,temperature,21
13,2025-08-24T12:36:52.201,ESP32,DHT11,temperature-humidity,humidity,20
14,2025-08-24T12:37:24.820,ESP32,DHT11,temperature-humidity,temperature,21
15,2025-08-24T12:37:24.820,ESP32,DHT11,temperature-humidity,humidity,32
16,2025-08-24T12:37:27.670,ESP32,DHT11,temperature-humidity,temperature,21
17,2025-08-24T12:37:27.670,ESP32,DHT11,temperature-humidity,humidity,20
18,2025-08-24T12:37:30.758,ESP32,DHT11,temperature-humidity,temperature,21
19,2025-08-24T12:37:30.758,ESP32,DHT11,temperature-humidity,humidity,20
20,2025-08-24T12:37:33.357,ESP32,DHT11,temperature-humidity,temperature,21
21,2025-08-24T12:37:33.357,ESP32,DHT11,temperature-humidity,humidity,20
22,2025-08-24T12:37:36.494,ESP32,DHT11,temperature-humidity,temperature,21
23,2025-08-24T12:37:36.494,ESP32,DHT11,temperature-humidity,humidity,20
24,2025-08-24T12:37:39.067,ESP32,DHT11,temperature-humidity,humidity,20
25,2025-08-24T12:37:39.067,ESP32,DHT11,temperature-humidity,temperature,21
26,2025-08-24T12:37:41.547,ESP32,DHT11,temperature-humidity,humidity,20
27,2025-08-24T12:37:41.547,ESP32,DHT11,temperature-humidity,temperature,21
28,2025-08-24T12:37:44.686,ESP32,DHT11,temperature-humidity,humidity,20
29,2025-08-24T12:37:44.686,ESP32,DHT11,temperature-humidity,temperature,21
30,2025-08-24T12:37:47.245,ESP32,DHT11,temperature-humidity,temperature,21
31,2025-08-24T12:37:47.245,ESP32,DHT11,temperature-humidity,humidity,20
32,2025-08-24T12:37:49.953,ESP32,DHT11,temperature-humidity,humidity,20
33,2025-08-24T12:37:49.953,ESP32,DHT11,temperature-humidity,temperature,21
34,2025-08-24T12:37:53.083,ESP32,DHT11,temperature-humidity,humidity,32
35,2025-08-24T12:37:53.083,ESP32,DHT11,temperature-humidity,temperature,21
36,2025-08-24T12:37:55.713,ESP32,DHT11,temperature-humidity,humidity,20
37,2025-08-24T12:37:55.713,ESP32,DHT11,temperature-humidity,temperature,21
38,2025-08-24T12:37:58.817,ESP32,DHT11,temperature-humidity,humidity,32
39,2025-08-24T12:37:58.817,ESP32,DHT11,temperature-humidity,temperature,22
40,2025-08-24T12:38:01.434,ESP32,DHT11,temperature-humidity,temperature,21
41,2025-08-24T12:38:01.434,ESP32,DHT11,temperature-humidity,humidity,20
42,2025-08-24T12:38:04.353,ESP32,DHT11,temperature-humidity,temperature,21
43,2025-08-24T12:38:04.353,ESP32,DHT11,temperature-humidity,humidity,32
44,2025-08-24T12:38:06.903,ESP32,DHT11,temperature-humidity,temperature,21
45,2025-08-24T12:38:06.903,ESP32,DHT11,temperature-humidity,humidity,20
46,2025-08-24T12:38:09.806,ESP32,DHT11,temperature-humidity,humidity,20
47,2025-08-24T12:38:09.806,ESP32,DHT11,temperature-humidity,temperature,21
48,2025-08-24T12:38:12.951,ESP32,DHT11,temperature-humidity,temperature,21
49,2025-08-24T12:38:12.951,ESP32,DHT11,temperature-humidity,humidity,20
50,2025-08-24T12:38:15.506,ESP32,DHT11,temperature-humidity,humidity,20
51,2025-08-24T12:38:15.506,ESP32,DHT11,temperature-humidity,temperature,21
52,2025-08-24T12:38:18.010,ESP32,DHT11,temperature-humidity,humidity,20
53,2025-08-24T12:38:18.010,ESP32,DHT11,temperature-humidity,temperature,21
54,2025-08-24T12:38:21.141,ESP32,DHT11,temperature-humidity,temperature,21
55,2025-08-24T12:38:21.141,ESP32,DHT11,temperature-humidity,humidity,20
56,2025-08-24T12:38:23.713,ESP32,DHT11,temperature-humidity,temperature,21
57,2025-08-24T12:38:23.713,ESP32,DHT11,temperature-humidity,humidity,20
58,2025-08-24T12:38:26.181,ESP32,DHT11,temperature-humidity,temperature,21
59,2025-08-24T12:38:26.181,ESP32,DHT11,temperature-humidity,humidity,20
60,2025-08-24T12:38:28.659,ESP32,DHT11,temperature-humidity,humidity,25
61,2025-08-24T12:38:28.659,ESP32,DHT11,temperature-humidity,temperature,21
62,2025-08-24T12:38:52.786,ESP32,DHT11,temperature-humidity,humidity,20
63,2025-08-24T12:38:52.786,ESP32,DHT11,temperature-humidity,temperature,21
64,2025-08-24T12:38:56.834,ESP32,DHT11,temperature-humidity,humidity,20
65,2025-08-24T12:38:56.834,ESP32,DHT11,temperature-humidity,temperature,21
66,2025-08-24T12:39:03.040,ESP32,DHT11,temperature-humidity,temperature,21
67,2025-08-24T12:39:03.040,ESP32,DHT11,temperature-humidity,humidity,20
68,2025-08-24T12:39:05.501,ESP32,DHT11,temperature-humidity,temperature,21
69,2025-08-24T12:39:05.501,ESP32,DHT11,temperature-humidity,humidity,20
70,2025-08-24T12:39:08.068,ESP32,DHT11,temperature-humidity,temperature,21
71,2025-08-24T12:39:08.068,ESP32,DHT11,temperature-humidity,humidity,20
72,2025-08-24T12:39:10.738,ESP32,DHT11,temperature-humidity,temperature,21
73,2025-08-24T12:39:10.738,ESP32,DHT11,temperature-humidity,humidity,20
74,2025-08-24T12:39:16.539,ESP32,DHT11,temperature-humidity,humidity,20
75,2025-08-24T12:39:16.539,ESP32,DHT11,temperature-humidity,temperature,21
76,2025-08-24T12:39:19.391,ESP32,DHT11,temperature-humidity,humidity,20
77,2025-08-24T12:39:19.391,ESP32,DHT11,temperature-humidity,temperature,21
78,2025-08-24T12:39:21.844,ESP32,DHT11,temperature-humidity,temperature,21
79,2025-08-24T12:39:21.844,ESP32,DHT11,temperature-humidity,humidity,20
80,2025-08-24T12:39:24.321,ESP32,DHT11,temperature-humidity,humidity,31
81,2025-08-24T12:39:24.321,ESP32,DHT11,temperature-humidity,temperature,21
82,2025-08-24T12:39:26.785,ESP32,DHT11,temperature-humidity,temperature,21
83,2025-08-24T12:39:26.785,ESP32,DHT11,temperature-humidity,humidity,20
84,2025-08-24T12:39:29.852,ESP32,DHT11,temperature-humidity,temperature,22
85,2025-08-24T12:39:29.852,ESP32,DHT11,temperature-humidity,humidity,31
86,2025-08-24T12:39:32.666,ESP32,DHT11,temperature-humidity,humidity,20
87,2025-08-24T12:39:32.666,ESP32,DHT11,temperature-humidity,temperature,21
88,2025-08-24T12:39:35.136,ESP32,DHT11,temperature-humidity,temperature,21
89,2025-08-24T12:39:35.136,ESP32,DHT11,temperature-humidity,humidity,20
90,2025-08-24T12:39:42.727,ESP32,DHT11,temperature-humidity,temperature,21
91,2025-08-24T12:39:42.727,ESP32,DHT11,temperature-humidity,humidity,20
92,2025-08-24T12:40:11.719,ESP32,DHT11,temperature-humidity,humidity,20
93,2025-08-24T12:40:11.719,ESP32,DHT11,temperature-humidity,temperature,21
94,2025-08-24T12:40:18.723,ESP32,DHT11,temperature-humidity,temperature,21
95,2025-08-24T12:40:18.723,ESP32,DHT11,temperature-humidity,humidity,20
96,2025-08-24T12:40:21.874,ESP32,DHT11,temperature-humidity,temperature,21
97,2025-08-24T12:40:21.874,ESP32,DHT11,temperature-humidity,humidity,20
98,2025-08-24T12:40:28.368,ESP32,DHT11,temperature-humidity,humidity,20
99,2025-08-24T12:40:28.368,ESP32,DHT11,temperature-humidity,temperature,21
100,2025-08-24T12:40:31.500,ESP32,DHT11,temperature-humidity,temperature,22
101,2025-08-24T12:40:31.500,ESP32,DHT11,temperature-humidity,humidity,20
102,2025-08-24T12:40:36.927,ESP32,DHT11,temperature-humidity,humidity,20
103,2025-08-24T12:40:36.927,ESP32,DHT11,temperature-humidity,temperature,21
104,2025-08-24T12:40:40.451,ESP32,DHT11,temperature-humidity,temperature,21
105,2025-08-24T12:40:40.451,ESP32,DHT11,temperature-humidity,humidity,20
106,2025-08-24T12:40:43.102,ESP32,DHT11,temperature-humidity,humidity,20
107,2025-08-24T12:40:43.102,ESP32,DHT11,temperature-humidity,temperature,21
108,2025-08-24T12:40:55.489,ESP32,DHT11,temperature-humidity,humidity,20
109,2025-08-24T12:40:55.489,ESP32,DHT11,temperature-humidity,temperature,21
110,2025-08-24T12:40:58.537,ESP32,DHT11,temperature-humidity,humidity,20
111,2025-08-24T12:40:58.537,ESP32,DHT11,temperature-humidity,temperature,21
112,2025-08-24T12:41:01.516,ESP32,DHT11,temperature-humidity,temperature,21
113,2025-08-24T12:41:01.516,ESP32,DHT11,temperature-humidity,humidity,20
114,2025-08-24T12:41:04.472,ESP32,DHT11,temperature-humidity,temperature,22
115,2025-08-24T12:41:04.472,ESP32,DHT11,temperature-humidity,humidity,20
116,2025-08-24T12:41:07.031,ESP32,DHT11,temperature-humidity,humidity,20
117,2025-08-24T12:41:07.031,ESP32,DHT11,temperature-humidity,temperature,21
118,2025-08-24T12:41:27.212,ESP32,DHT11,temperature-humidity,temperature,21
119,2025-08-24T12:41:27.212,ESP32,DHT11,temperature-humidity,humidity,21
120,2025-08-24T12:41:30.281,ESP32,DHT11,temperature-humidity,humidity,20
121,2025-08-24T12:41:30.281,ESP32,DHT11,temperature-humidity,temperature,21
122,2025-08-24T12:41:32.847,ESP32,DHT11,temperature-humidity,temperature,21
123,2025-08-24T12:41:32.847,ESP32,DHT11,temperature-humidity,humidity,20
124,2025-08-24T12:41:36.011,ESP32,DHT11,temperature-humidity,humidity,31
125,2025-08-24T12:41:36.011,ESP32,DHT11,temperature-humidity,temperature,22
126,2025-08-24T12:41:39.085,ESP32,DHT11,temperature-humidity,humidity,20
127,2025-08-24T12:41:39.085,ESP32,DHT11,temperature-humidity,temperature,21
128,2025-08-24T12:41:41.691,ESP32,DHT11,temperature-humidity,humidity,20
129,2025-08-24T12:41:41.691,ESP32,DHT11,temperature-humidity,temperature,22
130,2025-08-24T12:41:44.619,ESP32,DHT11,temperature-humidity,temperature,21
131,2025-08-24T12:41:44.619,ESP32,DHT11,temperature-humidity,humidity,36
132,2025-08-24T12:41:50.088,ESP32,DHT11,temperature-humidity,humidity,20
133,2025-08-24T12:41:50.088,ESP32,DHT11,temperature-humidity,temperature,21
134,2025-08-24T12:41:52.955,ESP32,DHT11,temperature-humidity,temperature,22
135,2025-08-24T12:41:52.955,ESP32,DHT11,temperature-humidity,humidity,20
136,2025-08-24T12:41:57.517,ESP32,DHT11,temperature-humidity,humidity,20
137,2025-08-24T12:41:57.517,ESP32,DHT11,temperature-humidity,temperature,22
138,2025-08-24T12:42:02.924,ESP32,DHT11,temperature-humidity,temperature,21
139,2025-08-24T12:42:02.924,ESP32,DHT11,temperature-humidity,humidity,20
140,2025-08-24T12:42:06.439,ESP32,DHT11,temperature-humidity,humidity,20
141,2025-08-24T12:42:06.439,ESP32,DHT11,temperature-humidity,temperature,21
142,2025-08-24T12:42:17.745,ESP32,DHT11,temperature-humidity,temperature,21
143,2025-08-24T12:42:17.745,ESP32,DHT11,temperature-humidity,humidity,20
144,2025-08-24T12:42:47.624,ESP32,DHT11,temperature-humidity,humidity,20
145,2025-08-24T12:42:47.624,ESP32,DHT11,temperature-humidity,temperature,21
146,2025-08-24T12:42:51.584,ESP32,DHT11,temperature-humidity,humidity,20
147,2025-08-24T12:42:51.584,ESP32,DHT11,temperature-humidity,temperature,22
148,2025-08-24T12:42:54.658,ESP32,DHT11,temperature-humidity,humidity,34
149,2025-08-24T12:42:54.658,ESP32,DHT11,temperature-humidity,temperature,21
150,2025-08-24T12:42:58.959,ESP32,DHT11,temperature-humidity,temperature,21
151,2025-08-24T12:42:58.959,ESP32,DHT11,temperature-humidity,humidity,20
152,2025-08-24T12:43:02.031,ESP32,DHT11,temperature-humidity,humidity,20
153,2025-08-24T12:43:02.031,ESP32,DHT11,temperature-humidity,temperature,21
154,2025-08-24T12:43:05.101,ESP32,DHT11,temperature-humidity,temperature,21
155,2025-08-24T12:43:05.101,ESP32,DHT11,temperature-humidity,humidity,20
156,2025-08-24T12:43:08.176,ESP32,DHT11,temperature-humidity,humidity,20
157,2025-08-24T12:43:08.176,ESP32,DHT11,temperature-humidity,temperature,21
158,2025-08-24T12:45:15.002,ESP32,DHT11,temperature-humidity,temperature,21
159,2025-08-24T12:45:15.002,ESP32,DHT11,temperature-humidity,humidity,20
160,2025-08-24T12:45:17.918,ESP32,DHT11,temperature-humidity,temperature,21
161,2025-08-24T12:45:17.918,ESP32,DHT11,temperature-humidity,humidity,20
162,2025-08-24T12:45:20.989,ESP32,DHT11,temperature-humidity,humidity,20
163,2025-08-24T12:45:20.989,ESP32,DHT11,temperature-humidity,temperature,21
164,2025-08-24T12:45:23.973,ESP32,DHT11,temperature-humidity,temperature,21
165,2025-08-24T12:45:23.973,ESP32,DHT11,temperature-humidity,humidity,20
166,2025-08-24T12:45:26.465,ESP32,DHT11,temperature-humidity,humidity,20
167,2025-08-24T12:45:26.465,ESP32,DHT11,temperature-humidity,temperature,21
168,2025-08-24T12:45:29.595,ESP32,DHT11,temperature-humidity,temperature,21
169,2025-08-24T12:45:29.595,ESP32,DHT11,temperature-humidity,humidity,20
170,2025-08-24T12:45:32.150,ESP32,DHT11,temperature-humidity,humidity,20
171,2025-08-24T12:45:32.150,ESP32,DHT11,temperature-humidity,temperature,21
172,2025-08-24T12:45:35.434,ESP32,DHT11,temperature-humidity,temperature,21
173,2025-08-24T12:45:35.434,ESP32,DHT11,temperature-humidity,humidity,37
174,2025-08-24T12:45:38.603,ESP32,DHT11,temperature-humidity,humidity,20
175,2025-08-24T12:45:38.603,ESP32,DHT11,temperature-humidity,temperature,21
176,2025-08-24T12:45:41.778,ESP32,DHT11,temperature-humidity,temperature,21
177,2025-08-24T12:45:41.778,ESP32,DHT11,temperature-humidity,humidity,20
178,2025-08-24T12:45:44.868,ESP32,DHT11,temperature-humidity,temperature,22
179,2025-08-24T12:45:44.868,ESP32,DHT11,temperature-humidity,humidity,20
180,2025-08-24T12:45:47.355,ESP32,DHT11,temperature-humidity,humidity,20
181,2025-08-24T12:45:47.355,ESP32,DHT11,temperature-humidity,temperature,21
182,2025-08-24T12:45:50.481,ESP32,DHT11,temperature-humidity,humidity,20
183,2025-08-24T12:45:50.481,ESP32,DHT11,temperature-humidity,temperature,22
184,2025-08-24T12:45:53.284,ESP32,DHT11,temperature-humidity,humidity,20
185,2025-08-24T12:45:53.284,ESP32,DHT11,temperature-humidity,temperature,21
186,2025-08-24T12:46:03.494,ESP32,DHT11,temperature-humidity,humidity,20
187,2025-08-24T12:46:03.494,ESP32,DHT11,temperature-humidity,temperature,21
188,2025-08-24T12:46:07.620,ESP32,DHT11,temperature-humidity,temperature,21
189,2025-08-24T12:46:07.620,ESP32,DHT11,temperature-humidity,humidity,20
190,2025-08-24T12:46:31.443,ESP32,DHT11,temperature-humidity,humidity,20
191,2025-08-24T12:46:31.443,ESP32,DHT11,temperature-humidity,temperature,21
192,2025-08-24T12:46:34.038,ESP32,DHT11,temperature-humidity,humidity,20
193,2025-08-24T12:46:34.038,ESP32,DHT11,temperature-humidity,temperature,22
194,2025-08-24T12:46:39.774,ESP32,DHT11,temperature-humidity,humidity,20
195,2025-08-24T12:46:39.774,ESP32,DHT11,temperature-humidity,temperature,21
196,2025-08-24T12:46:45.104,ESP32,DHT11,temperature-humidity,humidity,20
197,2025-08-24T12:46:45.104,ESP32,DHT11,temperature-humidity,temperature,21
198,2025-08-24T12:46:52.466,ESP32,DHT11,temperature-humidity,temperature,21
199,2025-08-24T12:46:52.466,ESP32,DHT11,temperature-humidity,humidity,20
200,2025-08-24T12:46:56.634,ESP32,DHT11,temperature-humidity,temperature,21
201,2025-08-24T12:46:56.634,ESP32,DHT11,temperature-humidity,humidity,20
202,2025-08-24T12:46:59.706,ESP32,DHT11,temperature-humidity,humidity,20
203,2025-08-24T12:46:59.706,ESP32,DHT11,temperature-humidity,temperature,21
204,2025-08-24T12:47:02.683,ESP32,DHT11,temperature-humidity,temperature,21
205,2025-08-24T12:47:02.683,ESP32,DHT11,temperature-humidity,humidity,20
206,2025-08-24T12:47:05.172,ESP32,DHT11,temperature-humidity,humidity,20
207,2025-08-24T12:47:05.172,ESP32,DHT11,temperature-humidity,temperature,21
208,2025-08-24T12:47:08.217,ESP32,DHT11,temperature-humidity,temperature,21
209,2025-08-24T12:47:08.217,ESP32,DHT11,temperature-humidity,humidity,37
210,2025-08-24T12:47:10.717,ESP32,DHT11,temperature-humidity,temperature,21
211,2025-08-24T12:47:10.717,ESP32,DHT11,temperature-humidity,humidity,20
212,2025-08-24T12:47:13.837,ESP32,DHT11,temperature-humidity,temperature,21
213,2025-08-24T12:47:13.837,ESP32,DHT11,temperature-humidity,humidity,35
214,2025-08-24T12:47:16.448,ESP32,DHT11,temperature-humidity,temperature,21
215,2025-08-24T12:47:16.448,ESP32,DHT11,temperature-humidity,humidity,20
216,2025-08-24T12:47:19.572,ESP32,DHT11,temperature-humidity,temperature,21
217,2025-08-24T12:47:19.572,ESP32,DHT11,temperature-humidity,humidity,20
218,2025-08-24T12:47:22.644,ESP32,DHT11,temperature-humidity,temperature,21
219,2025-08-24T12:47:22.644,ESP32,DHT11,temperature-humidity,humidity,20
220,2025-08-24T12:47:25.191,ESP32,DHT11,temperature-humidity,temperature,21
221,2025-08-24T12:47:25.191,ESP32,DHT11,temperature-humidity,humidity,20
222,2025-08-24T12:47:28.378,ESP32,DHT11,temperature-humidity,temperature,21
223,2025-08-24T12:47:28.378,ESP32,DHT11,temperature-humidity,humidity,20
224,2025-08-24T12:47:31.451,ESP32,DHT11,temperature-humidity,temperature,22
225,2025-08-24T12:47:31.451,ESP32,DHT11,temperature-humidity,humidity,20
226,2025-08-24T12:47:34.522,ESP32,DHT11,temperature-humidity,humidity,20
227,2025-08-24T12:47:34.522,ESP32,DHT11,temperature-humidity,temperature,21
228,2025-08-24T12:47:40.005,ESP32,DHT11,temperature-humidity,humidity,20
229,2025-08-24T12:47:40.005,ESP32,DHT11,temperature-humidity,temperature,22
230,2025-08-24T12:47:45.481,ESP32,DHT11,temperature-humidity,temperature,21
231,2025-08-24T12:47:45.481,ESP32,DHT11,temperature-humidity,humidity,20
232,2025-08-24T12:47:49.416,ESP32,DHT11,temperature-humidity,humidity,20
233,2025-08-24T12:47:49.416,ESP32,DHT11,temperature-humidity,temperature,21
234,2025-08-24T12:47:52.545,ESP32,DHT11,temperature-humidity,temperature,21
235,2025-08-24T12:47:52.545,ESP32,DHT11,temperature-humidity,humidity,20
236,2025-08-24T12:47:55.114,ESP32,DHT11,temperature-humidity,temperature,22
237,2025-08-24T12:47:55.114,ESP32,DHT11,temperature-humidity,humidity,20
238,2025-08-24T12:47:57.606,ESP32,DHT11,temperature-humidity,temperature,24
239,2025-08-24T12:47:57.606,ESP32,DHT11,temperature-humidity,humidity,19
240,2025-08-24T12:48:05.552,ESP32,DHT11,temperature-humidity,temperature,21
241,2025-08-24T12:48:05.552,ESP32,DHT11,temperature-humidity,humidity,35
242,2025-08-24T12:48:08.725,ESP32,DHT11,temperature-humidity,humidity,20
243,2025-08-24T12:48:08.725,ESP32,DHT11,temperature-humidity,temperature,22
244,2025-08-24T12:48:11.273,ESP32,DHT11,temperature-humidity,temperature,21
245,2025-08-24T12:48:11.273,ESP32,DHT11,temperature-humidity,humidity,20
246,2025-08-24T12:48:14.193,ESP32,DHT11,temperature-humidity,humidity,20
247,2025-08-24T12:48:14.193,ESP32,DHT11,temperature-humidity,temperature,22
248,2025-08-24T12:48:17.962,ESP32,DHT11,temperature-humidity,temperature,22
249,2025-08-24T12:48:17.962,ESP32,DHT11,temperature-humidity,humidity,20
250,2025-08-24T12:48:20.749,ESP32,DHT11,temperature-humidity,temperature,22
251,2025-08-24T12:48:20.749,ESP32,DHT11,temperature-humidity,humidity,20
252,2025-08-24T12:48:23.200,ESP32,DHT11,temperature-humidity,temperature,22
253,2025-08-24T12:48:23.200,ESP32,DHT11,temperature-humidity,humidity,20
254,2025-08-24T12:48:25.660,ESP32,DHT11,temperature-humidity,humidity,20
255,2025-08-24T12:48:25.660,ESP32,DHT11,temperature-humidity,temperature,22
256,2025-08-24T12:48:28.695,ESP32,DHT11,temperature-humidity,temperature,22
257,2025-08-24T12:48:28.695,ESP32,DHT11,temperature-humidity,humidity,20
258,2025-08-24T12:48:37.135,ESP32,DHT11,temperature-humidity,humidity,20
259,2025-08-24T12:48:37.135,ESP32,DHT11,temperature-humidity,temperature,22
260,2025-08-24T12:48:55.962,ESP32,DHT11,temperature-humidity,temperature,22
261,2025-08-24T12:48:55.962,ESP32,DHT11,temperature-humidity,humidity,20
262,2025-08-24T12:49:07.232,ESP32,DHT11,temperature-humidity,temperature,22
263,2025-08-24T12:49:07.232,ESP32,DHT11,temperature-humidity,humidity,20
264,2025-08-24T12:49:13.977,ESP32,DHT11,temperature-humidity,humidity,20
265,2025-08-24T12:49:13.977,ESP32,DHT11,temperature-humidity,temperature,22
266,2025-08-24T12:49:20.510,ESP32,DHT11,temperature-humidity,humidity,20
267,2025-08-24T12:49:20.510,ESP32,DHT11,temperature-humidity,temperature,22
268,2025-08-24T12:49:23.175,ESP32,DHT11,temperature-humidity,temperature,22
269,2025-08-24T12:49:23.175,ESP32,DHT11,temperature-humidity,humidity,20
270,2025-08-24T12:49:25.634,ESP32,DHT11,temperature-humidity,temperature,22
271,2025-08-24T12:49:25.634,ESP32,DHT11,temperature-humidity,humidity,20
272,2025-08-24T12:49:28.098,ESP32,DHT11,temperature-humidity,humidity,20
273,2025-08-24T12:49:28.098,ESP32,DHT11,temperature-humidity,temperature,22
274,2025-08-24T12:49:30.993,ESP32,DHT11,temperature-humidity,humidity,34
275,2025-08-24T12:49:30.993,ESP32,DHT11,temperature-humidity,temperature,22
276,2025-08-24T12:49:33.601,ESP32,DHT11,temperature-humidity,temperature,22
277,2025-08-24T12:49:33.601,ESP32,DHT11,temperature-humidity,humidity,20
278,2025-08-24T12:49:36.314,ESP32,DHT11,temperature-humidity,temperature,22
279,2025-08-24T12:49:36.314,ESP32,DHT11,temperature-humidity,humidity,21
280,2025-08-24T12:49:38.979,ESP32,DHT11,temperature-humidity,humidity,20
281,2025-08-24T12:49:38.979,ESP32,DHT11,temperature-humidity,temperature,22
282,2025-08-24T12:49:42.113,ESP32,DHT11,temperature-humidity,humidity,20
283,2025-08-24T12:49:42.113,ESP32,DHT11,temperature-humidity,temperature,22
284,2025-08-24T12:49:45.186,ESP32,DHT11,temperature-humidity,humidity,20
285,2025-08-24T12:49:45.186,ESP32,DHT11,temperature-humidity,temperature,22
286,2025-08-24T12:49:47.803,ESP32,DHT11,temperature-humidity,temperature,22
287,2025-08-24T12:49:47.803,ESP32,DHT11,temperature-humidity,humidity,20
288,2025-08-24T12:49:50.919,ESP32,DHT11,temperature-humidity,humidity,36
289,2025-08-24T12:49:50.919,ESP32,DHT11,temperature-humidity,temperature,22
290,2025-08-24T12:49:53.462,ESP32,DHT11,temperature-humidity,humidity,20
291,2025-08-24T12:49:53.462,ESP32,DHT11,temperature-humidity,temperature,22
292,2025-08-24T12:49:56.451,ESP32,DHT11,temperature-humidity,temperature,22
293,2025-08-24T12:49:56.451,ESP32,DHT11,temperature-humidity,humidity,31
294,2025-08-24T12:49:59.525,ESP32,DHT11,temperature-humidity,temperature,22
295,2025-08-24T12:49:59.525,ESP32,DHT11,temperature-humidity,humidity,20
296,2025-08-24T12:50:02.134,ESP32,DHT11,temperature-humidity,temperature,22
297,2025-08-24T12:50:02.134,ESP32,DHT11,temperature-humidity,humidity,20
298,2025-08-24T12:50:05.257,ESP32,DHT11,temperature-humidity,humidity,34
299,2025-08-24T12:50:05.257,ESP32,DHT11,temperature-humidity,temperature,23
300,2025-08-24T12:50:08.237,ESP32,DHT11,temperature-humidity,temperature,22
301,2025-08-24T12:50:08.237,ESP32,DHT11,temperature-humidity,humidity,20
302,2025-08-24T12:50:12.157,ESP32,DHT11,temperature-humidity,humidity,20
303,2025-08-24T12:50:12.157,ESP32,DHT11,temperature-humidity,temperature,22
304,2025-08-24T12:50:14.631,ESP32,DHT11,temperature-humidity,humidity,20
305,2025-08-24T12:50:14.631,ESP32,DHT11,temperature-humidity,temperature,22
306,2025-08-24T12:50:20.209,ESP32,DHT11,temperature-humidity,temperature,22
307,2025-08-24T12:50:20.209,ESP32,DHT11,temperature-humidity,humidity,20
308,2025-08-24T12:50:22.752,ESP32,DHT11,temperature-humidity,temperature,22
309,2025-08-24T12:50:22.752,ESP32,DHT11,temperature-humidity,humidity,20
310,2025-08-24T12:50:25.738,ESP32,DHT11,temperature-humidity,temperature,22
311,2025-08-24T12:50:25.738,ESP32,DHT11,temperature-humidity,humidity,20
312,2025-08-24T12:50:28.810,ESP32,DHT11,temperature-humidity,temperature,22
313,2025-08-24T12:50:28.810,ESP32,DHT11,temperature-humidity,humidity,20
314,2025-08-24T12:50:31.882,ESP32,DHT11,temperature-humidity,humidity,20
315,2025-08-24T12:50:31.882,ESP32,DHT11,temperature-humidity,temperature,22
316,2025-08-24T12:50:34.430,ESP32,DHT11,temperature-humidity,temperature,22
317,2025-08-24T12:50:34.430,ESP32,DHT11,temperature-humidity,humidity,20
318,2025-08-24T12:50:37.147,ESP32,DHT11,temperature-humidity,humidity,31
319,2025-08-24T12:50:37.147,ESP32,DHT11,temperature-humidity,temperature,22
320,2025-08-24T12:50:42.472,ESP32,DHT11,temperature-humidity,humidity,20
321,2025-08-24T12:50:42.472,ESP32,DHT11,temperature-humidity,temperature,22
322,2025-08-24T12:50:44.945,ESP32,DHT11,temperature-humidity,humidity,20
323,2025-08-24T12:50:44.945,ESP32,DHT11,temperature-humidity,temperature,22
324,2025-08-24T12:50:47.538,ESP32,DHT11,temperature-humidity,humidity,34
325,2025-08-24T12:50:47.538,ESP32,DHT11,temperature-humidity,temperature,22
326,2025-08-24T12:50:52.157,ESP32,DHT11,temperature-humidity,temperature,22
327,2025-08-24T12:50:52.157,ESP32,DHT11,temperature-humidity,humidity,20
328,2025-08-24T12:51:07.481,ESP32,DHT11,temperature-humidity,temperature,22
329,2025-08-24T12:51:07.481,ESP32,DHT11,temperature-humidity,humidity,20
330,2025-08-24T12:51:10.319,ESP32,DHT11,temperature-humidity,humidity,20
331,2025-08-24T12:51:10.319,ESP32,DHT11,temperature-humidity,temperature,22
332,2025-08-24T12:51:12.929,ESP32,DHT11,temperature-humidity,temperature,22
333,2025-08-24T12:51:12.929,ESP32,DHT11,temperature-humidity,humidity,20
334,2025-08-24T12:51:16.674,ESP32,DHT11,temperature-humidity,humidity,31
335,2025-08-24T12:51:16.674,ESP32,DHT11,temperature-humidity,temperature,22
336,2025-08-24T12:51:28.142,ESP32,DHT11,temperature-humidity,temperature,22
337,2025-08-24T12:51:28.142,ESP32,DHT11,temperature-humidity,humidity,20
338,2025-08-24T12:51:31.275,ESP32,DHT11,temperature-humidity,temperature,22
339,2025-08-24T12:51:31.275,ESP32,DHT11,temperature-humidity,humidity,20
340,2025-08-24T12:51:33.875,ESP32,DHT11,temperature-humidity,temperature,22
341,2025-08-24T12:51:33.875,ESP32,DHT11,temperature-humidity,humidity,20
342,2025-08-24T12:51:36.330,ESP32,DHT11,temperature-humidity,temperature,22
343,2025-08-24T12:51:36.330,ESP32,DHT11,temperature-humidity,humidity,34
344,2025-08-24T12:51:40.492,ESP32,DHT11,temperature-humidity,humidity,20
345,2025-08-24T12:51:40.492,ESP32,DHT11,temperature-humidity,temperature,22
346,2025-08-24T12:51:43.475,ESP32,DHT11,temperature-humidity,temperature,22
347,2025-08-24T12:51:43.475,ESP32,DHT11,temperature-humidity,humidity,20
348,2025-08-24T12:51:45.934,ESP32,DHT11,temperature-humidity,humidity,20
349,2025-08-24T12:51:45.934,ESP32,DHT11,temperature-humidity,temperature,22
350,2025-08-24T12:51:53.187,ESP32,DHT11,temperature-humidity,temperature,22
351,2025-08-24T12:51:53.187,ESP32,DHT11,temperature-humidity,humidity,20
352,2025-08-24T12:52:02.972,ESP32,DHT11,temperature-humidity,humidity,20
353,2025-08-24T12:52:02.972,ESP32,DHT11,temperature-humidity,temperature,22
354,2025-08-24T12:52:06.195,ESP32,DHT11,temperature-humidity,humidity,20
355,2025-08-24T12:52:06.195,ESP32,DHT11,temperature-humidity,temperature,22
356,2025-08-24T12:52:09.369,ESP32,DHT11,temperature-humidity,humidity,20
357,2025-08-24T12:52:09.369,ESP32,DHT11,temperature-humidity,temperature,22
358,2025-08-24T12:52:13.003,ESP32,DHT11,temperature-humidity,temperature,22
359,2025-08-24T12:52:13.003,ESP32,DHT11,temperature-humidity,humidity,20
360,2025-08-24T12:52:18.016,ESP32,DHT11,temperature-humidity,temperature,22
361,2025-08-24T12:52:18.016,ESP32,DHT11,temperature-humidity,humidity,20
362,2025-08-24T12:52:20.501,ESP32,DHT11,temperature-humidity,temperature,22
363,2025-08-24T12:52:20.501,ESP32,DHT11,temperature-humidity,humidity,20
364,2025-08-24T12:52:22.958,ESP32,DHT11,temperature-humidity,temperature,22
365,2025-08-24T12:52:22.958,ESP32,DHT11,temperature-humidity,humidity,20
366,2025-08-24T12:52:26.068,ESP32,DHT11,temperature-humidity,humidity,20
367,2025-08-24T12:52:26.068,ESP32,DHT11,temperature-humidity,temperature,22
368,2025-08-24T12:52:28.528,ESP32,DHT11,temperature-humidity,temperature,22
369,2025-08-24T12:52:28.528,ESP32,DHT11,temperature-humidity,humidity,20
370,2025-08-24T12:52:30.999,ESP32,DHT11,temperature-humidity,humidity,27
371,2025-08-24T12:52:30.999,ESP32,DHT11,temperature-humidity,temperature,22
372,2025-08-24T12:52:33.472,ESP32,DHT11,temperature-humidity,humidity,20
373,2025-08-24T12:52:33.472,ESP32,DHT11,temperature-humidity,temperature,22
374,2025-08-24T12:52:35.974,ESP32,DHT11,temperature-humidity,humidity,20
375,2025-08-24T12:52:35.974,ESP32,DHT11,temperature-humidity,temperature,22
376,2025-08-24T12:52:39.067,ESP32,DHT11,temperature-humidity,temperature,22
377,2025-08-24T12:52:39.067,ESP32,DHT11,temperature-humidity,humidity,20
378,2025-08-24T12:52:42.136,ESP32,DHT11,temperature-humidity,humidity,20
379,2025-08-24T12:52:42.136,ESP32,DHT11,temperature-humidity,temperature,22
380,2025-08-24T12:52:45.988,ESP32,DHT11,temperature-humidity,temperature,22
381,2025-08-24T12:52:45.988,ESP32,DHT11,temperature-humidity,humidity,20
382,2025-08-24T12:52:50.329,ESP32,DHT11,temperature-humidity,temperature,22
383,2025-08-24T12:52:50.329,ESP32,DHT11,temperature-humidity,humidity,20
384,2025-08-24T12:52:54.747,ESP32,DHT11,temperature-humidity,temperature,22
385,2025-08-24T12:52:54.747,ESP32,DHT11,temperature-humidity,humidity,20
386,2025-08-24T12:53:23.482,ESP32,DHT11,temperature-humidity,temperature,22
387,2025-08-24T12:53:23.482,ESP32,DHT11,temperature-humidity,humidity,20
388,2025-08-24T12:53:27.273,ESP32,DHT11,temperature-humidity,humidity,20
389,2025-08-24T12:53:27.273,ESP32,DHT11,temperature-humidity,temperature,22
390,2025-08-24T12:53:31.276,ESP32,DHT11,temperature-humidity,temperature,22
391,2025-08-24T12:53:31.276,ESP32,DHT11,temperature-humidity,humidity,20
392,2025-08-24T12:53:34.156,ESP32,DHT11,temperature-humidity,humidity,20
393,2025-08-24T12:53:34.156,ESP32,DHT11,temperature-humidity,temperature,22
394,2025-08-24T12:53:36.700,ESP32,DHT11,temperature-humidity,humidity,20
395,2025-08-24T12:53:36.700,ESP32,DHT11,temperature-humidity,temperature,22
396,2025-08-24T12:53:49.518,ESP32,DHT11,temperature-humidity,humidity,27
397,2025-08-24T12:53:49.518,ESP32,DHT11,temperature-humidity,temperature,22
398,2025-08-24T12:53:52.192,ESP32,DHT11,temperature-humidity,humidity,20
399,2025-08-24T12:53:52.192,ESP32,DHT11,temperature-humidity,temperature,22
400,2025-08-24T12:53:54.860,ESP32,DHT11,temperature-humidity,temperature,22
401,2025-08-24T12:53:54.860,ESP32,DHT11,temperature-humidity,humidity,37
402,2025-08-24T12:53:57.340,ESP32,DHT11,temperature-humidity,temperature,22
403,2025-08-24T12:53:57.340,ESP32,DHT11,temperature-humidity,humidity,20
404,2025-08-24T12:54:01.438,ESP32,DHT11,temperature-humidity,temperature,22
405,2025-08-24T12:54:01.438,ESP32,DHT11,temperature-humidity,humidity,20
406,2025-08-24T12:54:04.366,ESP32,DHT11,temperature-humidity,temperature,22
407,2025-08-24T12:54:04.366,ESP32,DHT11,temperature-humidity,humidity,20
408,2025-08-24T12:54:06.915,ESP32,DHT11,temperature-humidity,humidity,20
409,2025-08-24T12:54:06.915,ESP32,DHT11,temperature-humidity,temperature,22
410,2025-08-24T12:54:09.365,ESP32,DHT11,temperature-humidity,humidity,20
411,2025-08-24T12:54:09.365,ESP32,DHT11,temperature-humidity,temperature,22
412,2025-08-24T12:54:13.580,ESP32,DHT11,temperature-humidity,humidity,20
413,2025-08-24T12:54:13.580,ESP32,DHT11,temperature-humidity,temperature,22
414,2025-08-24T12:54:16.655,ESP32,DHT11,temperature-humidity,temperature,22
415,2025-08-24T12:54:16.655,ESP32,DHT11,temperature-humidity,humidity,20
416,2025-08-24T12:54:19.638,ESP32,DHT11,temperature-humidity,humidity,20
417,2025-08-24T12:54:19.638,ESP32,DHT11,temperature-humidity,temperature,22
418,2025-08-24T12:54:22.145,ESP32,DHT11,temperature-humidity,humidity,20
419,2025-08-24T12:54:22.145,ESP32,DHT11,temperature-humidity,temperature,22
420,2025-08-24T12:54:24.606,ESP32,DHT11,temperature-humidity,humidity,37
421,2025-08-24T12:54:24.606,ESP32,DHT11,temperature-humidity,temperature,22
422,2025-08-24T12:54:27.452,ESP32,DHT11,temperature-humidity,humidity,20
423,2025-08-24T12:54:27.452,ESP32,DHT11,temperature-humidity,temperature,22
424,2025-08-24T12:54:30.581,ESP32,DHT11,temperature-humidity,humidity,20
425,2025-08-24T12:54:30.581,ESP32,DHT11,temperature-humidity,temperature,22
426,2025-08-24T12:54:34.729,ESP32,DHT11,temperature-humidity,temperature,22
427,2025-08-24T12:54:34.729,ESP32,DHT11,temperature-humidity,humidity,20
428,2025-08-24T12:54:37.199,ESP32,DHT11,temperature-humidity,temperature,22
429,2025-08-24T12:54:37.199,ESP32,DHT11,temperature-humidity,humidity,20
430,2025-08-24T12:54:44.713,ESP32,DHT11,temperature-humidity,humidity,20
431,2025-08-24T12:54:44.713,ESP32,DHT11,temperature-humidity,temperature,22
432,2025-08-24T12:54:48.728,ESP32,DHT11,temperature-humidity,temperature,22
433,2025-08-24T12:54:48.728,ESP32,DHT11,temperature-humidity,humidity,20
434,2025-08-24T12:56:02.661,ESP32,DHT11,temperature-humidity,temperature,22
435,2025-08-24T12:56:02.661,ESP32,DHT11,temperature-humidity,humidity,20
436,2025-08-24T12:56:05.118,ESP32,DHT11,temperature-humidity,temperature,22
437,2025-08-24T12:56:05.118,ESP32,DHT11,temperature-humidity,humidity,20
438,2025-08-24T12:56:14.826,ESP32,DHT11,temperature-humidity,temperature,21
439,2025-08-24T12:56:14.826,ESP32,DHT11,temperature-humidity,humidity,20
440,2025-08-24T12:56:20.360,ESP32,DHT11,temperature-humidity,temperature,22
441,2025-08-24T12:56:20.360,ESP32,DHT11,temperature-humidity,humidity,20
442,2025-08-24T12:56:23.269,ESP32,DHT11,temperature-humidity,humidity,20
443,2025-08-24T12:56:23.269,ESP32,DHT11,temperature-humidity,temperature,21
444,2025-08-24T12:56:27.264,ESP32,DHT11,temperature-humidity,humidity,20
445,2025-08-24T12:56:27.264,ESP32,DHT11,temperature-humidity,temperature,22
446,2025-08-24T12:56:32.889,ESP32,DHT11,temperature-humidity,humidity,20
447,2025-08-24T12:56:32.889,ESP32,DHT11,temperature-humidity,temperature,22
448,2025-08-24T12:56:37.185,ESP32,DHT11,temperature-humidity,temperature,22
449,2025-08-24T12:56:37.185,ESP32,DHT11,temperature-humidity,humidity,20
450,2025-08-24T12:57:11.765,ESP32,DHT11,temperature-humidity,temperature,22
451,2025-08-24T12:57:11.765,ESP32,DHT11,temperature-humidity,humidity,20
452,2025-08-24T12:57:14.438,ESP32,DHT11,temperature-humidity,temperature,22
453,2025-08-24T12:57:14.438,ESP32,DHT11,temperature-humidity,humidity,20
454,2025-08-24T12:59:06.705,ESP32,DHT11,temperature-humidity,temperature,22
455,2025-08-24T12:59:06.705,ESP32,DHT11,temperature-humidity,humidity,20
456,2025-08-24T12:59:09.628,ESP32,DHT11,temperature-humidity,humidity,20
457,2025-08-24T12:59:09.628,ESP32,DHT11,temperature-humidity,temperature,22
458,2025-08-24T12:59:12.698,ESP32,DHT11,temperature-humidity,humidity,20
459,2025-08-24T12:59:12.698,ESP32,DHT11,temperature-humidity,temperature,22
460,2025-08-24T12:59:19.457,ESP32,DHT11,temperature-humidity,temperature,22
461,2025-08-24T12:59:19.457,ESP32,DHT11,temperature-humidity,humidity,20
462,2025-08-24T12:59:22.528,ESP32,DHT11,temperature-humidity,humidity,20
463,2025-08-24T12:59:22.528,ESP32,DHT11,temperature-humidity,temperature,22
464,2025-08-24T12:59:25.604,ESP32,DHT11,temperature-humidity,humidity,20
465,2025-08-24T12:59:25.604,ESP32,DHT11,temperature-humidity,temperature,21
466,2025-08-24T12:59:28.673,ESP32,DHT11,temperature-humidity,temperature,22
467,2025-08-24T12:59:28.673,ESP32,DHT11,temperature-humidity,humidity,20
468,2025-08-24T12:59:31.744,ESP32,DHT11,temperature-humidity,temperature,22
469,2025-08-24T12:59:31.744,ESP32,DHT11,temperature-humidity,humidity,20
470,2025-08-24T12:59:42.381,ESP32,DHT11,temperature-humidity,humidity,20
471,2025-08-24T12:59:42.381,ESP32,DHT11,temperature-humidity,temperature,21
472,2025-08-24T12:59:59.389,ESP32,DHT11,temperature-humidity,humidity,20
473,2025-08-24T12:59:59.389,ESP32,DHT11,temperature-humidity,temperature,22
474,2025-08-24T13:00:02.203,ESP32,DHT11,temperature-humidity,temperature,21
475,2025-08-24T13:00:02.203,ESP32,DHT11,temperature-humidity,humidity,20
476,2025-08-24T13:00:05.333,ESP32,DHT11,temperature-humidity,humidity,20
477,2025-08-24T13:00:05.333,ESP32,DHT11,temperature-humidity,temperature,21
478,2025-08-24T13:00:08.406,ESP32,DHT11,temperature-humidity,humidity,20
479,2025-08-24T13:00:08.406,ESP32,DHT11,temperature-humidity,temperature,22
480,2025-08-24T13:00:11.477,ESP32,DHT11,temperature-humidity,temperature,22
481,2025-08-24T13:00:11.477,ESP32,DHT11,temperature-humidity,humidity,20
482,2025-08-24T13:00:16.919,ESP32,DHT11,temperature-humidity,temperature,22
483,2025-08-24T13:00:16.919,ESP32,DHT11,temperature-humidity,humidity,20
484,2025-08-24T13:00:22.685,ESP32,DHT11,temperature-humidity,temperature,22
485,2025-08-24T13:00:22.685,ESP32,DHT11,temperature-humidity,humidity,20
486,2025-08-24T13:00:25.811,ESP32,DHT11,temperature-humidity,temperature,22
487,2025-08-24T13:00:25.811,ESP32,DHT11,temperature-humidity,humidity,20
488,2025-08-24T13:00:29.911,ESP32,DHT11,temperature-humidity,temperature,22
489,2025-08-24T13:00:29.911,ESP32,DHT11,temperature-humidity,humidity,20
490,2025-08-24T13:00:32.721,ESP32,DHT11,temperature-humidity,temperature,22
491,2025-08-24T13:00:32.721,ESP32,DHT11,temperature-humidity,humidity,20
492,2025-08-24T13:00:35.194,ESP32,DHT11,temperature-humidity,temperature,21
493,2025-08-24T13:00:35.194,ESP32,DHT11,temperature-humidity,humidity,20
494,2025-08-24T13:00:37.848,ESP32,DHT11,temperature-humidity,humidity,20
495,2025-08-24T13:00:37.848,ESP32,DHT11,temperature-humidity,temperature,22
496,2025-08-24T13:00:40.301,ESP32,DHT11,temperature-humidity,temperature,21
497,2025-08-24T13:00:40.301,ESP32,DHT11,temperature-humidity,humidity,20
498,2025-08-24T13:00:42.774,ESP32,DHT11,temperature-humidity,temperature,22
499,2025-08-24T13:00:42.774,ESP32,DHT11,temperature-humidity,humidity,22
500,2025-08-24T13:00:45.679,ESP32,DHT11,temperature-humidity,temperature,22
501,2025-08-24T13:00:45.679,ESP32,DHT11,temperature-humidity,humidity,20
502,2025-08-24T13:00:52.785,ESP32,DHT11,temperature-humidity,temperature,22
503,2025-08-24T13:00:52.785,ESP32,DHT11,temperature-humidity,humidity,20
504,2025-08-24T13:00:55.411,ESP32,DHT11,temperature-humidity,temperature,22
505,2025-08-24T13:00:55.411,ESP32,DHT11,temperature-humidity,humidity,20
506,2025-08-24T13:00:59.611,ESP32,DHT11,temperature-humidity,temperature,22
507,2025-08-24T13:00:59.611,ESP32,DHT11,temperature-humidity,humidity,20
508,2025-08-24T13:01:02.212,ESP32,DHT11,temperature-humidity,temperature,22
509,2025-08-24T13:01:02.212,ESP32,DHT11,temperature-humidity,humidity,20
510,2025-08-24T13:01:04.697,ESP32,DHT11,temperature-humidity,humidity,34
511,2025-08-24T13:01:04.697,ESP32,DHT11,temperature-humidity,temperature,22
512,2025-08-24T13:01:07.499,ESP32,DHT11,temperature-humidity,temperature,22
513,2025-08-24T13:01:07.499,ESP32,DHT11,temperature-humidity,humidity,20
514,2025-08-24T13:01:11.830,ESP32,DHT11,temperature-humidity,humidity,20
515,2025-08-24T13:01:11.830,ESP32,DHT11,temperature-humidity,temperature,22
516,2025-08-24T13:03:58.909,ESP32,DHT11,temperature-humidity,temperature,22
517,2025-08-24T13:03:58.909,ESP32,DHT11,temperature-humidity,humidity,20
518,2025-08-24T13:04:01.987,ESP32,DHT11,temperature-humidity,temperature,21
519,2025-08-24T13:04:01.987,ESP32,DHT11,temperature-humidity,humidity,30
520,2025-08-24T13:04:05.055,ESP32,DHT11,temperature-humidity,humidity,20
521,2025-08-24T13:04:05.055,ESP32,DHT11,temperature-humidity,temperature,22
522,2025-08-24T13:04:07.659,ESP32,DHT11,temperature-humidity,humidity,20
523,2025-08-24T13:04:07.659,ESP32,DHT11,temperature-humidity,temperature,21
524,2025-08-24T13:04:10.994,ESP32,DHT11,temperature-humidity,humidity,31
525,2025-08-24T13:04:10.994,ESP32,DHT11,temperature-humidity,temperature,21
526,2025-08-24T13:04:13.975,ESP32,DHT11,temperature-humidity,humidity,20
527,2025-08-24T13:04:13.975,ESP32,DHT11,temperature-humidity,temperature,21
528,2025-08-24T13:04:16.487,ESP32,DHT11,temperature-humidity,humidity,20
529,2025-08-24T13:04:16.487,ESP32,DHT11,temperature-humidity,temperature,22
530,2025-08-24T13:04:19.143,ESP32,DHT11,temperature-humidity,humidity,31
531,2025-08-24T13:04:19.143,ESP32,DHT11,temperature-humidity,temperature,22
532,2025-08-24T13:04:22.259,ESP32,DHT11,temperature-humidity,humidity,20
533,2025-08-24T13:04:22.259,ESP32,DHT11,temperature-humidity,temperature,22
534,2025-08-24T13:04:25.160,ESP32,DHT11,temperature-humidity,humidity,20
535,2025-08-24T13:04:25.160,ESP32,DHT11,temperature-humidity,temperature,21
536,2025-08-24T13:04:27.998,ESP32,DHT11,temperature-humidity,humidity,20
537,2025-08-24T13:04:27.998,ESP32,DHT11,temperature-humidity,temperature,21
538,2025-08-24T13:04:30.664,ESP32,DHT11,temperature-humidity,temperature,21
539,2025-08-24T13:04:30.664,ESP32,DHT11,temperature-humidity,humidity,31
540,2025-08-24T13:04:33.636,ESP32,DHT11,temperature-humidity,temperature,21
541,2025-08-24T13:04:33.636,ESP32,DHT11,temperature-humidity,humidity,20
542,2025-08-24T13:04:36.156,ESP32,DHT11,temperature-humidity,humidity,20
543,2025-08-24T13:04:36.156,ESP32,DHT11,temperature-humidity,temperature,21
544,2025-08-24T13:04:38.852,ESP32,DHT11,temperature-humidity,humidity,33
545,2025-08-24T13:04:38.852,ESP32,DHT11,temperature-humidity,temperature,21
546,2025-08-24T13:04:41.735,ESP32,DHT11,temperature-humidity,temperature,21
547,2025-08-24T13:04:41.735,ESP32,DHT11,temperature-humidity,humidity,20
548,2025-08-24T13:04:44.265,ESP32,DHT11,temperature-humidity,temperature,21
549,2025-08-24T13:04:44.265,ESP32,DHT11,temperature-humidity,humidity,20
550,2025-08-24T13:04:47.246,ESP32,DHT11,temperature-humidity,temperature,21
551,2025-08-24T13:04:47.246,ESP32,DHT11,temperature-humidity,humidity,27
552,2025-08-24T13:04:49.876,ESP32,DHT11,temperature-humidity,humidity,20
553,2025-08-24T13:04:49.876,ESP32,DHT11,temperature-humidity,temperature,21
554,2025-08-24T13:04:52.987,ESP32,DHT11,temperature-humidity,temperature,22
555,2025-08-24T13:04:52.987,ESP32,DHT11,temperature-humidity,humidity,37
556,2025-08-24T13:04:55.652,ESP32,DHT11,temperature-humidity,humidity,37
557,2025-08-24T13:04:55.652,ESP32,DHT11,temperature-humidity,temperature,21
558,2025-08-24T13:04:58.535,ESP32,DHT11,temperature-humidity,humidity,37
559,2025-08-24T13:04:58.535,ESP32,DHT11,temperature-humidity,temperature,21
560,2025-08-24T13:05:01.094,ESP32,DHT11,temperature-humidity,temperature,21
561,2025-08-24T13:05:01.094,ESP32,DHT11,temperature-humidity,humidity,20
562,2025-08-24T13:05:03.630,ESP32,DHT11,temperature-humidity,temperature,21
563,2025-08-24T13:05:03.630,ESP32,DHT11,temperature-humidity,humidity,36
564,2025-08-24T13:05:06.615,ESP32,DHT11,temperature-humidity,humidity,34
565,2025-08-24T13:05:06.615,ESP32,DHT11,temperature-humidity,temperature,21
566,2025-08-24T13:05:09.131,ESP32,DHT11,temperature-humidity,temperature,21
567,2025-08-24T13:05:09.131,ESP32,DHT11,temperature-humidity,humidity,20
568,2025-08-24T13:05:12.231,ESP32,DHT11,temperature-humidity,temperature,21
569,2025-08-24T13:05:12.231,ESP32,DHT11,temperature-humidity,humidity,36
570,2025-08-24T13:05:15.355,ESP32,DHT11,temperature-humidity,temperature,21
571,2025-08-24T13:05:15.355,ESP32,DHT11,temperature-humidity,humidity,20
572,2025-08-24T13:05:18.376,ESP32,DHT11,temperature-humidity,temperature,21
573,2025-08-24T13:05:18.376,ESP32,DHT11,temperature-humidity,humidity,20
574,2025-08-24T13:05:21.449,ESP32,DHT11,temperature-humidity,humidity,20
575,2025-08-24T13:05:21.449,ESP32,DHT11,temperature-humidity,temperature,21
576,2025-08-24T13:05:24.428,ESP32,DHT11,temperature-humidity,humidity,20
577,2025-08-24T13:05:24.428,ESP32,DHT11,temperature-humidity,temperature,21
578,2025-08-24T13:05:26.982,ESP32,DHT11,temperature-humidity,humidity,20
579,2025-08-24T13:05:26.982,ESP32,DHT11,temperature-humidity,temperature,21
580,2025-08-24T13:05:30.081,ESP32,DHT11,temperature-humidity,temperature,21
581,2025-08-24T13:05:30.081,ESP32,DHT11,temperature-humidity,humidity,25
582,2025-08-24T13:05:33.044,ESP32,DHT11,temperature-humidity,temperature,21
583,2025-08-24T13:05:33.044,ESP32,DHT11,temperature-humidity,humidity,20
584,2025-08-24T13:05:35.752,ESP32,DHT11,temperature-humidity,humidity,20
585,2025-08-24T13:05:35.752,ESP32,DHT11,temperature-humidity,temperature,21
586,2025-08-24T13:05:38.871,ESP32,DHT11,temperature-humidity,temperature,22
587,2025-08-24T13:05:38.871,ESP32,DHT11,temperature-humidity,humidity,31
588,2025-08-24T13:05:41.515,ESP32,DHT11,temperature-humidity,temperature,22
589,2025-08-24T13:05:41.515,ESP32,DHT11,temperature-humidity,humidity,20
590,2025-08-24T13:05:44.057,ESP32,DHT11,temperature-humidity,temperature,21
591,2025-08-24T13:05:44.057,ESP32,DHT11,temperature-humidity,humidity,26
592,2025-08-24T13:05:46.956,ESP32,DHT11,temperature-humidity,temperature,21
593,2025-08-24T13:05:46.956,ESP32,DHT11,temperature-humidity,humidity,34
594,2025-08-24T13:06:00.359,ESP32,DHT11,temperature-humidity,temperature,21
595,2025-08-24T13:06:00.359,ESP32,DHT11,temperature-humidity,humidity,20
596,2025-08-24T13:06:13.276,ESP32,DHT11,temperature-humidity,temperature,21
597,2025-08-24T13:06:13.276,ESP32,DHT11,temperature-humidity,humidity,20
598,2025-08-24T13:06:17.567,ESP32,DHT11,temperature-humidity,temperature,21
599,2025-08-24T13:06:17.567,ESP32,DHT11,temperature-humidity,humidity,20
600,2025-08-24T13:06:20.637,ESP32,DHT11,temperature-humidity,temperature,21
601,2025-08-24T13:06:20.637,ESP32,DHT11,temperature-humidity,humidity,20
602,2025-08-24T13:07:12.094,ESP32,DHT11,temperature-humidity,humidity,20
603,2025-08-24T13:07:12.094,ESP32,DHT11,temperature-humidity,temperature,21
604,2025-08-24T13:07:30.682,ESP32,DHT11,temperature-humidity,temperature,21
605,2025-08-24T13:07:30.682,ESP32,DHT11,temperature-humidity,humidity,20
606,2025-08-24T13:10:07.721,ESP32,DHT11,temperature-humidity,humidity,20
607,2025-08-24T13:10:07.721,ESP32,DHT11,temperature-humidity,temperature,22
608,2025-08-24T13:10:10.839,ESP32,DHT11,temperature-humidity,humidity,34
609,2025-08-24T13:10:10.839,ESP32,DHT11,temperature-humidity,temperature,23
610,2025-08-24T13:10:13.906,ESP32,DHT11,temperature-humidity,humidity,20
611,2025-08-24T13:10:13.906,ESP32,DHT11,temperature-humidity,temperature,22
612,2025-08-24T13:10:16.707,ESP32,DHT11,temperature-humidity,humidity,20
613,2025-08-24T13:10:16.707,ESP32,DHT11,temperature-humidity,temperature,22
614,2025-08-24T13:10:22.248,ESP32,DHT11,temperature-humidity,humidity,20
615,2025-08-24T13:10:22.248,ESP32,DHT11,temperature-humidity,temperature,22
616,2025-08-24T13:10:29.067,ESP32,DHT11,temperature-humidity,temperature,22
617,2025-08-24T13:10:29.067,ESP32,DHT11,temperature-humidity,humidity,20
618,2025-08-24T13:11:28.251,ESP32,DHT11,temperature-humidity,temperature,22
619,2025-08-24T13:11:28.251,ESP32,DHT11,temperature-humidity,humidity,20
620,2025-08-24T13:11:43.874,ESP32,DHT11,temperature-humidity,temperature,22
621,2025-08-24T13:11:43.874,ESP32,DHT11,temperature-humidity,humidity,20
622,2025-08-24T13:11:50.061,ESP32,DHT11,temperature-humidity,temperature,22
623,2025-08-24T13:11:50.061,ESP32,DHT11,temperature-humidity,humidity,20
624,2025-08-24T13:12:04.510,ESP32,DHT11,temperature-humidity,humidity,20
625,2025-08-24T13:12:04.510,ESP32,DHT11,temperature-humidity,temperature,22
626,2025-08-24T13:17:26.841,ESP32,DHT11,temperature-humidity,humidity,20
627,2025-08-24T13:17:26.841,ESP32,DHT11,temperature-humidity,temperature,22
628,2025-08-24T13:17:30.038,ESP32,DHT11,temperature-humidity,temperature,23
629,2025-08-24T13:17:30.038,ESP32,DHT11,temperature-humidity,humidity,19
630,2025-08-24T13:17:32.647,ESP32,DHT11,temperature-humidity,temperature,24
631,2025-08-24T13:17:32.647,ESP32,DHT11,temperature-humidity,humidity,19
632,2025-08-24T13:17:35.771,ESP32,DHT11,temperature-humidity,temperature,24
633,2025-08-24T13:17:35.771,ESP32,DHT11,temperature-humidity,humidity,33
634,2025-08-24T13:17:38.845,ESP32,DHT11,temperature-humidity,humidity,19
635,2025-08-24T13:17:38.845,ESP32,DHT11,temperature-humidity,temperature,24
636,2025-08-24T13:17:41.490,ESP32,DHT11,temperature-humidity,temperature,24
637,2025-08-24T13:17:41.490,ESP32,DHT11,temperature-humidity,humidity,19
638,2025-08-24T13:17:44.483,ESP32,DHT11,temperature-humidity,humidity,19
639,2025-08-24T13:17:44.483,ESP32,DHT11,temperature-humidity,temperature,24
640,2025-08-24T13:17:48.880,ESP32,DHT11,temperature-humidity,temperature,24
641,2025-08-24T13:17:48.880,ESP32,DHT11,temperature-humidity,humidity,19
642,2025-08-24T13:17:51.671,ESP32,DHT11,temperature-humidity,temperature,24
643,2025-08-24T13:17:51.671,ESP32,DHT11,temperature-humidity,humidity,19
644,2025-08-24T13:17:58.845,ESP32,DHT11,temperature-humidity,humidity,30
645,2025-08-24T13:17:58.845,ESP32,DHT11,temperature-humidity,temperature,24
646,2025-08-24T13:18:01.516,ESP32,DHT11,temperature-humidity,temperature,24
647,2025-08-24T13:18:01.516,ESP32,DHT11,temperature-humidity,humidity,19
648,2025-08-24T13:18:04.650,ESP32,DHT11,temperature-humidity,temperature,25
649,2025-08-24T13:18:04.650,ESP32,DHT11,temperature-humidity,humidity,29
650,2025-08-24T13:18:07.720,ESP32,DHT11,temperature-humidity,humidity,18
651,2025-08-24T13:18:07.720,ESP32,DHT11,temperature-humidity,temperature,25
652,2025-08-24T13:18:10.794,ESP32,DHT11,temperature-humidity,humidity,18
653,2025-08-24T13:18:10.794,ESP32,DHT11,temperature-humidity,temperature,25
654,2025-08-24T13:18:13.400,ESP32,DHT11,temperature-humidity,humidity,18
655,2025-08-24T13:18:13.400,ESP32,DHT11,temperature-humidity,temperature,25
656,2025-08-24T13:18:16.526,ESP32,DHT11,temperature-humidity,humidity,18
657,2025-08-24T13:18:16.526,ESP32,DHT11,temperature-humidity,temperature,25
658,2025-08-24T13:18:23.694,ESP32,DHT11,temperature-humidity,humidity,18
659,2025-08-24T13:18:23.694,ESP32,DHT11,temperature-humidity,temperature,25
660,2025-08-24T13:18:32.706,ESP32,DHT11,temperature-humidity,temperature,25
661,2025-08-24T13:18:32.706,ESP32,DHT11,temperature-humidity,humidity,18
662,2025-08-24T13:18:44.687,ESP32,DHT11,temperature-humidity,humidity,18
663,2025-08-24T13:18:44.687,ESP32,DHT11,temperature-humidity,temperature,26
664,2025-08-24T13:18:47.295,ESP32,DHT11,temperature-humidity,temperature,26
665,2025-08-24T13:18:47.295,ESP32,DHT11,temperature-humidity,humidity,18
666,2025-08-24T13:25:44.926,ESP32,DHT11,temperature-humidity,humidity,18
667,2025-08-24T13:25:44.926,ESP32,DHT11,temperature-humidity,temperature,26
668,2025-08-24T13:25:48.120,ESP32,DHT11,temperature-humidity,humidity,16
669,2025-08-24T13:25:48.120,ESP32,DHT11,temperature-humidity,temperature,29
670,2025-08-24T13:25:51.294,ESP32,DHT11,temperature-humidity,humidity,16
671,2025-08-24T13:25:51.294,ESP32,DHT11,temperature-humidity,temperature,29
672,2025-08-24T13:25:54.366,ESP32,DHT11,temperature-humidity,temperature,29
673,2025-08-24T13:25:54.366,ESP32,DHT11,temperature-humidity,humidity,16
674,2025-08-24T13:25:56.971,ESP32,DHT11,temperature-humidity,humidity,16
675,2025-08-24T13:25:56.971,ESP32,DHT11,temperature-humidity,temperature,29
676,2025-08-24T13:26:00.009,ESP32,DHT11,temperature-humidity,humidity,16
677,2025-08-24T13:26:00.009,ESP32,DHT11,temperature-humidity,temperature,29
678,2025-08-24T13:26:02.492,ESP32,DHT11,temperature-humidity,temperature,29
679,2025-08-24T13:26:02.492,ESP32,DHT11,temperature-humidity,humidity,16
680,2025-08-24T13:26:04.959,ESP32,DHT11,temperature-humidity,temperature,29
681,2025-08-24T13:26:04.959,ESP32,DHT11,temperature-humidity,humidity,16
682,2025-08-24T13:26:28.996,ESP32,DHT11,temperature-humidity,humidity,33
683,2025-08-24T13:26:28.996,ESP32,DHT11,temperature-humidity,temperature,29
684,2025-08-24T13:27:45.652,ESP32,DHT11,temperature-humidity,humidity,16
685,2025-08-24T13:27:45.652,ESP32,DHT11,temperature-humidity,temperature,29
686,2025-08-24T13:27:48.616,ESP32,DHT11,temperature-humidity,humidity,16
687,2025-08-24T13:27:48.616,ESP32,DHT11,temperature-humidity,temperature,29
688,2025-08-24T13:28:51.797,ESP32,DHT11,temperature-humidity,temperature,29
689,2025-08-24T13:28:51.797,ESP32,DHT11,temperature-humidity,humidity,16
690,2025-08-24T13:29:45.078,ESP32,DHT11,temperature-humidity,humidity,16
691,2025-08-24T13:29:45.078,ESP32,DHT11,temperature-humidity,temperature,29
692,2025-08-24T13:29:48.250,ESP32,DHT11,temperature-humidity,humidity,29
693,2025-08-24T13:29:48.250,ESP32,DHT11,temperature-humidity,temperature,28
694,2025-08-24T13:30:07.204,ESP32,DHT11,temperature-humidity,temperature,28
695,2025-08-24T13:30:07.204,ESP32,DHT11,temperature-humidity,humidity,17
696,2025-08-24T13:30:11.395,ESP32,DHT11,temperature-humidity,humidity,17
697,2025-08-24T13:30:11.395,ESP32,DHT11,temperature-humidity,temperature,28
698,2025-08-24T13:30:24.077,ESP32,DHT11,temperature-humidity,humidity,17
699,2025-08-24T13:30:24.077,ESP32,DHT11,temperature-humidity,temperature,28
700,2025-08-24T13:31:08.129,ESP32,DHT11,temperature-humidity,humidity,17
701,2025-08-24T13:31:08.129,ESP32,DHT11,temperature-humidity,temperature,28
702,2025-08-24T13:32:58.893,ESP32,DHT11,temperature-humidity,humidity,17
703,2025-08-24T13:32:58.893,ESP32,DHT11,temperature-humidity,temperature,28
704,2025-08-24T13:33:01.904,ESP32,DHT11,temperature-humidity,temperature,28
705,2025-08-24T13:33:01.904,ESP32,DHT11,temperature-humidity,humidity,19
706,2025-08-24T13:33:04.400,ESP32,DHT11,temperature-humidity,temperature,28
707,2025-08-24T13:33:04.400,ESP32,DHT11,temperature-humidity,humidity,17
708,2025-08-24T13:33:06.869,ESP32,DHT11,temperature-humidity,temperature,28
709,2025-08-24T13:33:06.869,ESP32,DHT11,temperature-humidity,humidity,17
710,2025-08-24T13:33:09.955,ESP32,DHT11,temperature-humidity,humidity,31
711,2025-08-24T13:33:09.955,ESP32,DHT11,temperature-humidity,temperature,28
712,2025-08-24T13:33:13.056,ESP32,DHT11,temperature-humidity,humidity,17
713,2025-08-24T13:33:13.056,ESP32,DHT11,temperature-humidity,temperature,28
714,2025-08-24T13:33:30.772,ESP32,DHT11,temperature-humidity,humidity,17
715,2025-08-24T13:33:30.772,ESP32,DHT11,temperature-humidity,temperature,28
716,2025-08-24T13:34:01.193,ESP32,DHT11,temperature-humidity,humidity,17
717,2025-08-24T13:34:01.193,ESP32,DHT11,temperature-humidity,temperature,28
718,2025-08-24T13:34:27.817,ESP32,DHT11,temperature-humidity,temperature,28
719,2025-08-24T13:34:27.817,ESP32,DHT11,temperature-humidity,humidity,17
720,2025-08-24T13:34:32.050,ESP32,DHT11,temperature-humidity,temperature,28
721,2025-08-24T13:34:32.050,ESP32,DHT11,temperature-humidity,humidity,17
722,2025-08-24T13:34:38.709,ESP32,DHT11,temperature-humidity,humidity,17
723,2025-08-24T13:34:38.709,ESP32,DHT11,temperature-humidity,temperature,28
724,2025-08-24T13:34:41.839,ESP32,DHT11,temperature-humidity,humidity,17
725,2025-08-24T13:34:41.839,ESP32,DHT11,temperature-humidity,temperature,28
726,2025-08-24T13:34:49.047,ESP32,DHT11,temperature-humidity,humidity,17
727,2025-08-24T13:34:49.047,ESP32,DHT11,temperature-humidity,temperature,28
728,2025-08-24T13:35:00.212,ESP32,DHT11,temperature-humidity,humidity,17
729,2025-08-24T13:35:00.212,ESP32,DHT11,temperature-humidity,temperature,28
730,2025-08-24T13:35:07.337,ESP32,DHT11,temperature-humidity,temperature,28
731,2025-08-24T13:35:07.337,ESP32,DHT11,temperature-humidity,humidity,17
732,2025-08-24T13:35:33.904,ESP32,DHT11,temperature-humidity,humidity,17
733,2025-08-24T13:35:33.904,ESP32,DHT11,temperature-humidity,temperature,28
734,2025-08-24T13:36:05.002,ESP32,DHT11,temperature-humidity,humidity,17
735,2025-08-24T13:36:05.002,ESP32,DHT11,temperature-humidity,temperature,27
736,2025-08-24T13:36:08.471,ESP32,DHT11,temperature-humidity,humidity,30
737,2025-08-24T13:36:08.471,ESP32,DHT11,temperature-humidity,temperature,26
738,2025-08-24T13:37:06.950,ESP32,DHT11,temperature-humidity,temperature,26
739,2025-08-24T13:37:06.950,ESP32,DHT11,temperature-humidity,humidity,18
740,2025-08-24T13:37:33.983,ESP32,DHT11,temperature-humidity,temperature,26
741,2025-08-24T13:37:33.983,ESP32,DHT11,temperature-humidity,humidity,18
742,2025-08-24T13:37:43.212,ESP32,DHT11,temperature-humidity,temperature,25
743,2025-08-24T13:37:43.212,ESP32,DHT11,temperature-humidity,humidity,31
744,2025-08-24T13:37:46.366,ESP32,DHT11,temperature-humidity,humidity,25
745,2025-08-24T13:37:46.366,ESP32,DHT11,temperature-humidity,temperature,25
746,2025-08-24T13:38:07.504,ESP32,DHT11,temperature-humidity,temperature,26
747,2025-08-24T13:38:07.504,ESP32,DHT11,temperature-humidity,humidity,18
748,2025-08-24T13:39:42.648,ESP32,DHT11,temperature-humidity,humidity,18
749,2025-08-24T13:39:42.648,ESP32,DHT11,temperature-humidity,temperature,25
750,2025-08-24T13:40:13.728,ESP32,DHT11,temperature-humidity,temperature,25
751,2025-08-24T13:40:13.728,ESP32,DHT11,temperature-humidity,humidity,18
752,2025-08-24T13:40:16.257,ESP32,DHT11,temperature-humidity,temperature,26
753,2025-08-24T13:40:16.257,ESP32,DHT11,temperature-humidity,humidity,31
754,2025-08-24T13:40:46.731,ESP32,DHT11,temperature-humidity,humidity,18
755,2025-08-24T13:40:46.731,ESP32,DHT11,temperature-humidity,temperature,25
756,2025-08-24T13:41:20.665,ESP32,DHT11,temperature-humidity,temperature,25
757,2025-08-24T13:41:20.665,ESP32,DHT11,temperature-humidity,humidity,18
758,2025-08-24T13:41:45.756,ESP32,DHT11,temperature-humidity,temperature,25
759,2025-08-24T13:41:45.756,ESP32,DHT11,temperature-humidity,humidity,18
760,2025-08-24T13:42:08.880,ESP32,DHT11,temperature-humidity,temperature,24
761,2025-08-24T13:42:08.880,ESP32,DHT11,temperature-humidity,humidity,19
762,2025-08-24T13:44:55.620,ESP32,DHT11,temperature-humidity,temperature,24
763,2025-08-24T13:44:55.620,ESP32,DHT11,temperature-humidity,humidity,19
764,2025-08-24T13:45:06.067,ESP32,DHT11,temperature-humidity,temperature,24
765,2025-08-24T13:45:06.067,ESP32,DHT11,temperature-humidity,humidity,31
766,2025-08-24T13:45:25.074,ESP32,DHT11,temperature-humidity,humidity,19
767,2025-08-24T13:45:25.074,ESP32,DHT11,temperature-humidity,temperature,24
768,2025-08-24T13:45:31.083,ESP32,DHT11,temperature-humidity,humidity,19
769,2025-08-24T13:45:31.083,ESP32,DHT11,temperature-humidity,temperature,24
770,2025-08-24T13:46:01.587,ESP32,DHT11,temperature-humidity,temperature,24
771,2025-08-24T13:46:01.587,ESP32,DHT11,temperature-humidity,humidity,19
772,2025-08-24T13:46:07.624,ESP32,DHT11,temperature-humidity,humidity,19
773,2025-08-24T13:46:07.624,ESP32,DHT11,temperature-humidity,temperature,24
774,2025-08-24T13:46:24.619,ESP32,DHT11,temperature-humidity,humidity,19
775,2025-08-24T13:46:24.619,ESP32,DHT11,temperature-humidity,temperature,24
776,2025-08-24T13:46:35.065,ESP32,DHT11,temperature-humidity,humidity,19
777,2025-08-24T13:46:35.065,ESP32,DHT11,temperature-humidity,temperature,24
778,2025-08-24T13:46:39.979,ESP32,DHT11,temperature-humidity,humidity,19
779,2025-08-24T13:46:39.979,ESP32,DHT11,temperature-humidity,temperature,24
780,2025-08-24T13:46:56.573,ESP32,DHT11,temperature-humidity,temperature,24
781,2025-08-24T13:46:56.573,ESP32,DHT11,temperature-humidity,humidity,19
782,2025-08-24T13:49:03.809,ESP32,DHT11,temperature-humidity,temperature,24
783,2025-08-24T13:49:03.809,ESP32,DHT11,temperature-humidity,humidity,19
784,2025-08-24T13:49:09.717,ESP32,DHT11,temperature-humidity,temperature,24
785,2025-08-24T13:49:09.717,ESP32,DHT11,temperature-humidity,humidity,19
786,2025-08-24T13:49:14.384,ESP32,DHT11,temperature-humidity,temperature,24
787,2025-08-24T13:49:14.384,ESP32,DHT11,temperature-humidity,humidity,19
788,2025-08-24T13:49:19.332,ESP32,DHT11,temperature-humidity,humidity,33
789,2025-08-24T13:49:19.332,ESP32,DHT11,temperature-humidity,temperature,23
790,2025-08-24T13:51:08.906,ESP32,DHT11,temperature-humidity,humidity,19
791,2025-08-24T13:51:08.906,ESP32,DHT11,temperature-humidity,temperature,23
792,2025-08-24T13:51:14.006,ESP32,DHT11,temperature-humidity,temperature,23
793,2025-08-24T13:51:14.006,ESP32,DHT11,temperature-humidity,humidity,19
794,2025-08-24T13:51:21.330,ESP32,DHT11,temperature-humidity,temperature,23
795,2025-08-24T13:51:21.330,ESP32,DHT11,temperature-humidity,humidity,19
796,2025-08-24T13:51:33.229,ESP32,DHT11,temperature-humidity,temperature,23
797,2025-08-24T13:51:33.229,ESP32,DHT11,temperature-humidity,humidity,19
798,2025-08-24T13:51:37.727,ESP32,DHT11,temperature-humidity,temperature,23
799,2025-08-24T13:51:37.727,ESP32,DHT11,temperature-humidity,humidity,19
800,2025-08-24T13:51:42.226,ESP32,DHT11,temperature-humidity,temperature,22
801,2025-08-24T13:51:42.226,ESP32,DHT11,temperature-humidity,humidity,20
802,2025-08-24T13:51:46.929,ESP32,DHT11,temperature-humidity,humidity,20
803,2025-08-24T13:51:46.929,ESP32,DHT11,temperature-humidity,temperature,22
804,2025-08-24T13:51:54.967,ESP32,DHT11,temperature-humidity,humidity,20
805,2025-08-24T13:51:54.967,ESP32,DHT11,temperature-humidity,temperature,22
806,2025-08-24T13:52:02.666,ESP32,DHT11,temperature-humidity,humidity,20
807,2025-08-24T13:52:02.666,ESP32,DHT11,temperature-humidity,temperature,22
808,2025-08-24T13:52:13.195,ESP32,DHT11,temperature-humidity,temperature,22
809,2025-08-24T13:52:13.195,ESP32,DHT11,temperature-humidity,humidity,20
810,2025-08-24T13:52:44.124,ESP32,DHT11,temperature-humidity,temperature,22
811,2025-08-24T13:52:44.124,ESP32,DHT11,temperature-humidity,humidity,20
812,2025-08-24T13:52:49.242,ESP32,DHT11,temperature-humidity,temperature,22
813,2025-08-24T13:52:49.242,ESP32,DHT11,temperature-humidity,humidity,20
814,2025-08-24T13:52:54.361,ESP32,DHT11,temperature-humidity,humidity,20
815,2025-08-24T13:52:54.361,ESP32,DHT11,temperature-humidity,temperature,22
816,2025-08-24T13:52:59.480,ESP32,DHT11,temperature-humidity,humidity,20
817,2025-08-24T13:52:59.480,ESP32,DHT11,temperature-humidity,temperature,22
818,2025-08-24T13:53:04.513,ESP32,DHT11,temperature-humidity,temperature,22
819,2025-08-24T13:53:04.513,ESP32,DHT11,temperature-humidity,humidity,20
820,2025-08-24T13:53:09.496,ESP32,DHT11,temperature-humidity,humidity,20
821,2025-08-24T13:53:09.496,ESP32,DHT11,temperature-humidity,temperature,22
822,2025-08-24T13:53:14.073,ESP32,DHT11,temperature-humidity,temperature,22
823,2025-08-24T13:53:14.073,ESP32,DHT11,temperature-humidity,humidity,20
824,2025-08-24T13:53:18.543,ESP32,DHT11,temperature-humidity,temperature,22
825,2025-08-24T13:53:18.543,ESP32,DHT11,temperature-humidity,humidity,20
826,2025-08-24T13:53:23.850,ESP32,DHT11,temperature-humidity,temperature,22
827,2025-08-24T13:53:23.850,ESP32,DHT11,temperature-humidity,humidity,31
828,2025-08-24T13:53:28.431,ESP32,DHT11,temperature-humidity,humidity,20
829,2025-08-24T13:53:28.431,ESP32,DHT11,temperature-humidity,temperature,22
830,2025-08-24T13:53:32.888,ESP32,DHT11,temperature-humidity,humidity,20
831,2025-08-24T13:53:32.888,ESP32,DHT11,temperature-humidity,temperature,22
832,2025-08-24T13:53:37.735,ESP32,DHT11,temperature-humidity,humidity,27
833,2025-08-24T13:53:37.735,ESP32,DHT11,temperature-humidity,temperature,22
834,2025-08-24T13:53:42.222,ESP32,DHT11,temperature-humidity,temperature,22
835,2025-08-24T13:53:42.222,ESP32,DHT11,temperature-humidity,humidity,20
836,2025-08-24T13:53:46.739,ESP32,DHT11,temperature-humidity,humidity,20
837,2025-08-24T13:53:46.739,ESP32,DHT11,temperature-humidity,temperature,22
838,2025-08-24T13:53:51.230,ESP32,DHT11,temperature-humidity,temperature,22
839,2025-08-24T13:53:51.230,ESP32,DHT11,temperature-humidity,humidity,34
840,2025-08-24T13:53:55.936,ESP32,DHT11,temperature-humidity,temperature,22
841,2025-08-24T13:53:55.936,ESP32,DHT11,temperature-humidity,humidity,20
842,2025-08-24T13:54:01.125,ESP32,DHT11,temperature-humidity,temperature,22
843,2025-08-24T13:54:01.125,ESP32,DHT11,temperature-humidity,humidity,31
844,2025-08-24T13:54:06.248,ESP32,DHT11,temperature-humidity,humidity,20
845,2025-08-24T13:54:06.248,ESP32,DHT11,temperature-humidity,temperature,22
846,2025-08-24T13:54:10.840,ESP32,DHT11,temperature-humidity,humidity,20
847,2025-08-24T13:54:10.840,ESP32,DHT11,temperature-humidity,temperature,22
848,2025-08-24T13:54:15.802,ESP32,DHT11,temperature-humidity,humidity,20
849,2025-08-24T13:54:15.802,ESP32,DHT11,temperature-humidity,temperature,22
850,2025-08-24T13:54:20.788,ESP32,DHT11,temperature-humidity,humidity,20
851,2025-08-24T13:54:20.788,ESP32,DHT11,temperature-humidity,temperature,22
852,2025-08-24T13:54:25.653,ESP32,DHT11,temperature-humidity,humidity,20
853,2025-08-24T13:54:25.653,ESP32,DHT11,temperature-humidity,temperature,22
854,2025-08-24T13:54:30.166,ESP32,DHT11,temperature-humidity,humidity,20
855,2025-08-24T13:54:30.166,ESP32,DHT11,temperature-humidity,temperature,22
856,2025-08-24T13:54:34.657,ESP32,DHT11,temperature-humidity,temperature,22
857,2025-08-24T13:54:34.657,ESP32,DHT11,temperature-humidity,humidity,25
858,2025-08-24T13:54:39.128,ESP32,DHT11,temperature-humidity,humidity,20
859,2025-08-24T13:54:39.128,ESP32,DHT11,temperature-humidity,temperature,22
860,2025-08-24T13:54:44.136,ESP32,DHT11,temperature-humidity,humidity,20
861,2025-08-24T13:54:44.136,ESP32,DHT11,temperature-humidity,temperature,22
862,2025-08-24T13:54:48.690,ESP32,DHT11,temperature-humidity,humidity,20
863,2025-08-24T13:54:48.690,ESP32,DHT11,temperature-humidity,temperature,22
864,2025-08-24T13:54:53.194,ESP32,DHT11,temperature-humidity,temperature,22
865,2025-08-24T13:54:53.194,ESP32,DHT11,temperature-humidity,humidity,20
866,2025-08-24T13:54:57.705,ESP32,DHT11,temperature-humidity,humidity,32
867,2025-08-24T13:54:57.705,ESP32,DHT11,temperature-humidity,temperature,22
868,2025-08-24T13:55:02.512,ESP32,DHT11,temperature-humidity,temperature,22
869,2025-08-24T13:55:02.512,ESP32,DHT11,temperature-humidity,humidity,27
870,2025-08-24T13:55:07.015,ESP32,DHT11,temperature-humidity,temperature,22
871,2025-08-24T13:55:07.015,ESP32,DHT11,temperature-humidity,humidity,20
872,2025-08-24T13:55:12.042,ESP32,DHT11,temperature-humidity,temperature,22
873,2025-08-24T13:55:12.042,ESP32,DHT11,temperature-humidity,humidity,20
874,2025-08-24T13:55:16.539,ESP32,DHT11,temperature-humidity,humidity,20
875,2025-08-24T13:55:16.539,ESP32,DHT11,temperature-humidity,temperature,22
876,2025-08-24T13:55:22.023,ESP32,DHT11,temperature-humidity,humidity,20
877,2025-08-24T13:55:22.023,ESP32,DHT11,temperature-humidity,temperature,22
878,2025-08-24T13:55:27.144,ESP32,DHT11,temperature-humidity,temperature,22
879,2025-08-24T13:55:27.144,ESP32,DHT11,temperature-humidity,humidity,20
880,2025-08-24T13:55:32.264,ESP32,DHT11,temperature-humidity,humidity,20
881,2025-08-24T13:55:32.264,ESP32,DHT11,temperature-humidity,temperature,22
882,2025-08-24T13:55:37.386,ESP32,DHT11,temperature-humidity,temperature,22
883,2025-08-24T13:55:37.386,ESP32,DHT11,temperature-humidity,humidity,20
884,2025-08-24T13:55:41.943,ESP32,DHT11,temperature-humidity,temperature,22
885,2025-08-24T13:55:41.943,ESP32,DHT11,temperature-humidity,humidity,20
886,2025-08-24T13:55:46.440,ESP32,DHT11,temperature-humidity,temperature,22
887,2025-08-24T13:55:46.440,ESP32,DHT11,temperature-humidity,humidity,20
888,2025-08-24T13:55:50.956,ESP32,DHT11,temperature-humidity,temperature,22
889,2025-08-24T13:55:50.956,ESP32,DHT11,temperature-humidity,humidity,35
890,2025-08-24T13:55:56.021,ESP32,DHT11,temperature-humidity,temperature,22
891,2025-08-24T13:55:56.021,ESP32,DHT11,temperature-humidity,humidity,33
892,2025-08-24T13:56:01.141,ESP32,DHT11,temperature-humidity,temperature,22
893,2025-08-24T13:56:01.141,ESP32,DHT11,temperature-humidity,humidity,20
894,2025-08-24T13:56:06.383,ESP32,DHT11,temperature-humidity,humidity,20
895,2025-08-24T13:56:06.383,ESP32,DHT11,temperature-humidity,temperature,22
896,2025-08-24T13:56:11.530,ESP32,DHT11,temperature-humidity,temperature,22
897,2025-08-24T13:56:11.530,ESP32,DHT11,temperature-humidity,humidity,20
898,2025-08-24T13:56:15.992,ESP32,DHT11,temperature-humidity,humidity,20
899,2025-08-24T13:56:15.992,ESP32,DHT11,temperature-humidity,temperature,22
900,2025-08-24T13:56:21.012,ESP32,DHT11,temperature-humidity,humidity,20
901,2025-08-24T13:56:21.012,ESP32,DHT11,temperature-humidity,temperature,22
902,2025-08-24T13:56:25.566,ESP32,DHT11,temperature-humidity,temperature,22
903,2025-08-24T13:56:25.566,ESP32,DHT11,temperature-humidity,humidity,20
904,2025-08-24T13:56:30.762,ESP32,DHT11,temperature-humidity,humidity,20
905,2025-08-24T13:56:30.762,ESP32,DHT11,temperature-humidity,temperature,22
906,2025-08-24T13:56:36.169,ESP32,DHT11,temperature-humidity,humidity,20
907,2025-08-24T13:56:36.169,ESP32,DHT11,temperature-humidity,temperature,22
908,2025-08-24T13:56:41.413,ESP32,DHT11,temperature-humidity,temperature,22
909,2025-08-24T13:56:41.413,ESP32,DHT11,temperature-humidity,humidity,20
910,2025-08-24T13:56:55.754,ESP32,DHT11,temperature-humidity,humidity,37
911,2025-08-24T13:56:55.754,ESP32,DHT11,temperature-humidity,temperature,22
912,2025-08-24T13:57:00.945,ESP32,DHT11,temperature-humidity,temperature,22
913,2025-08-24T13:57:00.945,ESP32,DHT11,temperature-humidity,humidity,20
914,2025-08-24T13:57:06.064,ESP32,DHT11,temperature-humidity,humidity,20
915,2025-08-24T13:57:06.064,ESP32,DHT11,temperature-humidity,temperature,22
916,2025-08-24T13:57:10.656,ESP32,DHT11,temperature-humidity,temperature,22
917,2025-08-24T13:57:10.656,ESP32,DHT11,temperature-humidity,humidity,20
918,2025-08-24T13:57:15.898,ESP32,DHT11,temperature-humidity,humidity,20
919,2025-08-24T13:57:15.898,ESP32,DHT11,temperature-humidity,temperature,22
920,2025-08-24T13:57:20.923,ESP32,DHT11,temperature-humidity,humidity,20
921,2025-08-24T13:57:20.923,ESP32,DHT11,temperature-humidity,temperature,22
922,2025-08-24T13:57:26.139,ESP32,DHT11,temperature-humidity,humidity,20
923,2025-08-24T13:57:26.139,ESP32,DHT11,temperature-humidity,temperature,22
924,2025-08-24T13:57:31.358,ESP32,DHT11,temperature-humidity,humidity,20
925,2025-08-24T13:57:31.358,ESP32,DHT11,temperature-humidity,temperature,22
926,2025-08-24T13:57:36.581,ESP32,DHT11,temperature-humidity,humidity,20
927,2025-08-24T13:57:36.581,ESP32,DHT11,temperature-humidity,temperature,22
928,2025-08-24T13:57:41.439,ESP32,DHT11,temperature-humidity,temperature,22
929,2025-08-24T13:57:41.439,ESP32,DHT11,temperature-humidity,humidity,20
930,2025-08-24T13:57:46.056,ESP32,DHT11,temperature-humidity,humidity,20
931,2025-08-24T13:57:46.056,ESP32,DHT11,temperature-humidity,temperature,22
932,2025-08-24T13:57:51.170,ESP32,DHT11,temperature-humidity,temperature,22
933,2025-08-24T13:57:51.170,ESP32,DHT11,temperature-humidity,humidity,20
934,2025-08-24T13:57:55.906,ESP32,DHT11,temperature-humidity,temperature,22
935,2025-08-24T13:57:55.906,ESP32,DHT11,temperature-humidity,humidity,20
936,2025-08-24T13:58:00.954,ESP32,DHT11,temperature-humidity,temperature,22
937,2025-08-24T13:58:00.954,ESP32,DHT11,temperature-humidity,humidity,20
938,2025-08-24T13:58:05.818,ESP32,DHT11,temperature-humidity,humidity,20
939,2025-08-24T13:58:05.818,ESP32,DHT11,temperature-humidity,temperature,22
940,2025-08-24T13:58:10.327,ESP32,DHT11,temperature-humidity,humidity,20
941,2025-08-24T13:58:10.327,ESP32,DHT11,temperature-humidity,temperature,22
942,2025-08-24T13:58:27.993,ESP32,DHT11,temperature-humidity,humidity,31
943,2025-08-24T13:58:27.993,ESP32,DHT11,temperature-humidity,temperature,22
944,2025-08-24T13:58:32.846,ESP32,DHT11,temperature-humidity,temperature,22
945,2025-08-24T13:58:32.846,ESP32,DHT11,temperature-humidity,humidity,20
946,2025-08-24T13:58:38.006,ESP32,DHT11,temperature-humidity,humidity,20
947,2025-08-24T13:58:38.006,ESP32,DHT11,temperature-humidity,temperature,22
948,2025-08-24T13:58:43.141,ESP32,DHT11,temperature-humidity,humidity,20
949,2025-08-24T13:58:43.141,ESP32,DHT11,temperature-humidity,temperature,22
950,2025-08-24T13:58:47.738,ESP32,DHT11,temperature-humidity,temperature,22
951,2025-08-24T13:58:47.738,ESP32,DHT11,temperature-humidity,humidity,20
952,2025-08-24T13:58:52.771,ESP32,DHT11,temperature-humidity,humidity,32
953,2025-08-24T13:58:52.771,ESP32,DHT11,temperature-humidity,temperature,22
954,2025-08-24T13:58:57.888,ESP32,DHT11,temperature-humidity,humidity,20
955,2025-08-24T13:58:57.888,ESP32,DHT11,temperature-humidity,temperature,22
956,2025-08-24T13:59:03.007,ESP32,DHT11,temperature-humidity,humidity,20
957,2025-08-24T13:59:03.007,ESP32,DHT11,temperature-humidity,temperature,22
958,2025-08-24T13:59:07.576,ESP32,DHT11,temperature-humidity,humidity,20
959,2025-08-24T13:59:07.576,ESP32,DHT11,temperature-humidity,temperature,22
960,2025-08-24T13:59:12.633,ESP32,DHT11,temperature-humidity,temperature,22
961,2025-08-24T13:59:12.633,ESP32,DHT11,temperature-humidity,humidity,20
962,2025-08-24T13:59:17.753,ESP32,DHT11,temperature-humidity,temperature,22
963,2025-08-24T13:59:17.753,ESP32,DHT11,temperature-humidity,humidity,20
964,2025-08-24T13:59:22.873,ESP32,DHT11,temperature-humidity,temperature,22
965,2025-08-24T13:59:22.873,ESP32,DHT11,temperature-humidity,humidity,20
966,2025-08-24T13:59:27.426,ESP32,DHT11,temperature-humidity,humidity,20
967,2025-08-24T13:59:27.426,ESP32,DHT11,temperature-humidity,temperature,22
968,2025-08-24T13:59:32.499,ESP32,DHT11,temperature-humidity,humidity,20
969,2025-08-24T13:59:32.499,ESP32,DHT11,temperature-humidity,temperature,22
970,2025-08-24T13:59:37.357,ESP32,DHT11,temperature-humidity,humidity,20
971,2025-08-24T13:59:37.357,ESP32,DHT11,temperature-humidity,temperature,22
972,2025-08-24T13:59:41.875,ESP32,DHT11,temperature-humidity,humidity,20
973,2025-08-24T13:59:41.875,ESP32,DHT11,temperature-humidity,temperature,22
974,2025-08-24T13:59:46.372,ESP32,DHT11,temperature-humidity,temperature,22
975,2025-08-24T13:59:46.372,ESP32,DHT11,temperature-humidity,humidity,31
976,2025-08-24T13:59:51.546,ESP32,DHT11,temperature-humidity,temperature,22
977,2025-08-24T13:59:51.546,ESP32,DHT11,temperature-humidity,humidity,20
978,2025-08-24T13:59:56.668,ESP32,DHT11,temperature-humidity,temperature,22
979,2025-08-24T13:59:56.668,ESP32,DHT11,temperature-humidity,humidity,20
980,2025-08-24T14:00:01.785,ESP32,DHT11,temperature-humidity,humidity,20
981,2025-08-24T14:00:01.785,ESP32,DHT11,temperature-humidity,temperature,22
982,2025-08-24T14:00:06.657,ESP32,DHT11,temperature-humidity,humidity,20
983,2025-08-24T14:00:06.657,ESP32,DHT11,temperature-humidity,temperature,22
984,2025-08-24T14:00:11.171,ESP32,DHT11,temperature-humidity,humidity,20
985,2025-08-24T14:00:11.171,ESP32,DHT11,temperature-humidity,temperature,22
986,2025-08-24T14:00:15.662,ESP32,DHT11,temperature-humidity,temperature,22
987,2025-08-24T14:00:15.662,ESP32,DHT11,temperature-humidity,humidity,21
988,2025-08-24T14:00:20.841,ESP32,DHT11,temperature-humidity,temperature,22
989,2025-08-24T14:00:20.841,ESP32,DHT11,temperature-humidity,humidity,20
990,2025-08-24T14:00:25.953,ESP32,DHT11,temperature-humidity,temperature,22
991,2025-08-24T14:00:25.953,ESP32,DHT11,temperature-humidity,humidity,20
992,2025-08-24T14:00:31.072,ESP32,DHT11,temperature-humidity,temperature,22
993,2025-08-24T14:00:31.072,ESP32,DHT11,temperature-humidity,humidity,20
994,2025-08-24T14:00:35.930,ESP32,DHT11,temperature-humidity,temperature,22
995,2025-08-24T14:00:35.930,ESP32,DHT11,temperature-humidity,humidity,20
996,2025-08-24T14:00:40.645,ESP32,DHT11,temperature-humidity,humidity,20
997,2025-08-24T14:00:40.645,ESP32,DHT11,temperature-humidity,temperature,22
998,2025-08-24T14:00:45.818,ESP32,DHT11,temperature-humidity,humidity,20
999,2025-08-24T14:00:45.818,ESP32,DHT11,temperature-humidity,temperature,22
1000,2025-08-24T14:00:50.939,ESP32,DHT11,temperature-humidity,temperature,22
1001,2025-08-24T14:00:50.939,ESP32,DHT11,temperature-humidity,humidity,20
1002,2025-08-24T14:00:55.975,ESP32,DHT11,temperature-humidity,humidity,20
1003,2025-08-24T14:00:55.975,ESP32,DHT11,temperature-humidity,temperature,22
1004,2025-08-24T14:01:01.179,ESP32,DHT11,temperature-humidity,temperature,22
1005,2025-08-24T14:01:01.179,ESP32,DHT11,temperature-humidity,humidity,20
1006,2025-08-24T14:01:06.299,ESP32,DHT11,temperature-humidity,temperature,22
1007,2025-08-24T14:01:06.299,ESP32,DHT11,temperature-humidity,humidity,20
1008,2025-08-24T14:01:11.388,ESP32,DHT11,temperature-humidity,temperature,22
1009,2025-08-24T14:01:11.388,ESP32,DHT11,temperature-humidity,humidity,20
1010,2025-08-24T14:01:16.539,ESP32,DHT11,temperature-humidity,humidity,20
1011,2025-08-24T14:01:16.539,ESP32,DHT11,temperature-humidity,temperature,22
1012,2025-08-24T14:01:21.664,ESP32,DHT11,temperature-humidity,temperature,21
1013,2025-08-24T14:01:21.664,ESP32,DHT11,temperature-humidity,humidity,20
1014,2025-08-24T14:01:26.779,ESP32,DHT11,temperature-humidity,humidity,20
1015,2025-08-24T14:01:26.779,ESP32,DHT11,temperature-humidity,temperature,21
1016,2025-08-24T14:01:31.350,ESP32,DHT11,temperature-humidity,humidity,20
1017,2025-08-24T14:01:31.350,ESP32,DHT11,temperature-humidity,temperature,21
1018,2025-08-24T14:01:36.610,ESP32,DHT11,temperature-humidity,temperature,22
1019,2025-08-24T14:01:36.610,ESP32,DHT11,temperature-humidity,humidity,31
1020,2025-08-24T14:01:41.509,ESP32,DHT11,temperature-humidity,temperature,21
1021,2025-08-24T14:01:41.509,ESP32,DHT11,temperature-humidity,humidity,20
1022,2025-08-24T14:01:45.990,ESP32,DHT11,temperature-humidity,humidity,20
1023,2025-08-24T14:01:45.990,ESP32,DHT11,temperature-humidity,temperature,21
1024,2025-08-24T14:01:50.482,ESP32,DHT11,temperature-humidity,temperature,21
1025,2025-08-24T14:01:50.482,ESP32,DHT11,temperature-humidity,humidity,20
1026,2025-08-24T14:01:55.000,ESP32,DHT11,temperature-humidity,humidity,36
1027,2025-08-24T14:01:55.000,ESP32,DHT11,temperature-humidity,temperature,21
1028,2025-08-24T14:01:59.508,ESP32,DHT11,temperature-humidity,humidity,29
1029,2025-08-24T14:01:59.508,ESP32,DHT11,temperature-humidity,temperature,21
1030,2025-08-24T14:02:04.666,ESP32,DHT11,temperature-humidity,humidity,19
1031,2025-08-24T14:02:04.666,ESP32,DHT11,temperature-humidity,temperature,24
1032,2025-08-24T14:02:09.788,ESP32,DHT11,temperature-humidity,humidity,20
1033,2025-08-24T14:02:09.788,ESP32,DHT11,temperature-humidity,temperature,21
1034,2025-08-24T14:02:14.908,ESP32,DHT11,temperature-humidity,humidity,20
1035,2025-08-24T14:02:14.908,ESP32,DHT11,temperature-humidity,temperature,21
1036,2025-08-24T14:02:19.467,ESP32,DHT11,temperature-humidity,humidity,20
1037,2025-08-24T14:02:19.467,ESP32,DHT11,temperature-humidity,temperature,21
1038,2025-08-24T14:02:24.480,ESP32,DHT11,temperature-humidity,temperature,21
1039,2025-08-24T14:02:24.480,ESP32,DHT11,temperature-humidity,humidity,34
1040,2025-08-24T14:02:29.655,ESP32,DHT11,temperature-humidity,temperature,21
1041,2025-08-24T14:02:29.655,ESP32,DHT11,temperature-humidity,humidity,20
1042,2025-08-24T14:02:34.979,ESP32,DHT11,temperature-humidity,humidity,20
1043,2025-08-24T14:02:34.979,ESP32,DHT11,temperature-humidity,temperature,21
1044,2025-08-24T14:02:40.098,ESP32,DHT11,temperature-humidity,temperature,21
1045,2025-08-24T14:02:40.098,ESP32,DHT11,temperature-humidity,humidity,20
1046,2025-08-24T14:02:45.034,ESP32,DHT11,temperature-humidity,humidity,20
1047,2025-08-24T14:02:45.034,ESP32,DHT11,temperature-humidity,temperature,22
1048,2025-08-24T14:02:50.155,ESP32,DHT11,temperature-humidity,humidity,20
1049,2025-08-24T14:02:50.155,ESP32,DHT11,temperature-humidity,temperature,22
1050,2025-08-24T14:02:55.255,ESP32,DHT11,temperature-humidity,humidity,20
1051,2025-08-24T14:02:55.255,ESP32,DHT11,temperature-humidity,temperature,22
1052,2025-08-24T14:02:59.835,ESP32,DHT11,temperature-humidity,humidity,20
1053,2025-08-24T14:02:59.835,ESP32,DHT11,temperature-humidity,temperature,22
1054,2025-08-24T14:03:04.347,ESP32,DHT11,temperature-humidity,humidity,20
1055,2025-08-24T14:03:04.347,ESP32,DHT11,temperature-humidity,temperature,22
1056,2025-08-24T14:03:09.386,ESP32,DHT11,temperature-humidity,temperature,22
1057,2025-08-24T14:03:09.386,ESP32,DHT11,temperature-humidity,humidity,36
1058,2025-08-24T14:03:14.506,ESP32,DHT11,temperature-humidity,humidity,20
1059,2025-08-24T14:03:14.506,ESP32,DHT11,temperature-humidity,temperature,22
1060,2025-08-24T14:03:19.728,ESP32,DHT11,temperature-humidity,temperature,22
1061,2025-08-24T14:03:19.728,ESP32,DHT11,temperature-humidity,humidity,20
1062,2025-08-24T14:03:24.702,ESP32,DHT11,temperature-humidity,temperature,22
1063,2025-08-24T14:03:24.702,ESP32,DHT11,temperature-humidity,humidity,20
1064,2025-08-24T14:03:29.172,ESP32,DHT11,temperature-humidity,temperature,22
1065,2025-08-24T14:03:29.172,ESP32,DHT11,temperature-humidity,humidity,20
1066,2025-08-24T14:03:33.811,ESP32,DHT11,temperature-humidity,humidity,35
1067,2025-08-24T14:03:33.811,ESP32,DHT11,temperature-humidity,temperature,22
1068,2025-08-24T14:03:38.784,ESP32,DHT11,temperature-humidity,humidity,20
1069,2025-08-24T14:03:38.784,ESP32,DHT11,temperature-humidity,temperature,22
1070,2025-08-24T14:03:43.794,ESP32,DHT11,temperature-humidity,humidity,20
1071,2025-08-24T14:03:43.794,ESP32,DHT11,temperature-humidity,temperature,22
1072,2025-08-24T14:03:48.913,ESP32,DHT11,temperature-humidity,temperature,22
1073,2025-08-24T14:03:48.913,ESP32,DHT11,temperature-humidity,humidity,20
1074,2025-08-24T14:03:53.494,ESP32,DHT11,temperature-humidity,temperature,22
1075,2025-08-24T14:03:53.494,ESP32,DHT11,temperature-humidity,humidity,20
1076,2025-08-24T14:03:57.973,ESP32,DHT11,temperature-humidity,humidity,20
1077,2025-08-24T14:03:57.973,ESP32,DHT11,temperature-humidity,temperature,22
1078,2025-08-24T14:04:02.786,ESP32,DHT11,temperature-humidity,temperature,22
1079,2025-08-24T14:04:02.786,ESP32,DHT11,temperature-humidity,humidity,20
1080,2025-08-24T14:04:07.299,ESP32,DHT11,temperature-humidity,humidity,20
1081,2025-08-24T14:04:07.299,ESP32,DHT11,temperature-humidity,temperature,22
1082,2025-08-24T14:04:11.950,ESP32,DHT11,temperature-humidity,humidity,20
1083,2025-08-24T14:04:11.950,ESP32,DHT11,temperature-humidity,temperature,22
1084,2025-08-24T14:04:16.970,ESP32,DHT11,temperature-humidity,humidity,31
1085,2025-08-24T14:04:16.970,ESP32,DHT11,temperature-humidity,temperature,22
1086,2025-08-24T14:04:22.194,ESP32,DHT11,temperature-humidity,humidity,20
1087,2025-08-24T14:04:22.194,ESP32,DHT11,temperature-humidity,temperature,22
1088,2025-08-24T14:04:27.322,ESP32,DHT11,temperature-humidity,temperature,22
1089,2025-08-24T14:04:27.322,ESP32,DHT11,temperature-humidity,humidity,20
1090,2025-08-24T14:04:32.458,ESP32,DHT11,temperature-humidity,temperature,22
1091,2025-08-24T14:04:32.458,ESP32,DHT11,temperature-humidity,humidity,20
1092,2025-08-24T14:04:37.093,ESP32,DHT11,temperature-humidity,humidity,20
1093,2025-08-24T14:04:37.093,ESP32,DHT11,temperature-humidity,temperature,22
1094,2025-08-24T14:04:41.560,ESP32,DHT11,temperature-humidity,temperature,22
1095,2025-08-24T14:04:41.560,ESP32,DHT11,temperature-humidity,humidity,20
1096,2025-08-24T14:04:46.464,ESP32,DHT11,temperature-humidity,humidity,20
1097,2025-08-24T14:04:46.464,ESP32,DHT11,temperature-humidity,temperature,22
1098,2025-08-24T14:04:51.585,ESP32,DHT11,temperature-humidity,humidity,20
1099,2025-08-24T14:04:51.585,ESP32,DHT11,temperature-humidity,temperature,22
1100,2025-08-24T14:04:56.447,ESP32,DHT11,temperature-humidity,humidity,20
1101,2025-08-24T14:04:56.447,ESP32,DHT11,temperature-humidity,temperature,22
1102,2025-08-24T14:05:01.618,ESP32,DHT11,temperature-humidity,temperature,22
1103,2025-08-24T14:05:01.618,ESP32,DHT11,temperature-humidity,humidity,20
1104,2025-08-24T14:05:06.643,ESP32,DHT11,temperature-humidity,temperature,22
1105,2025-08-24T14:05:06.643,ESP32,DHT11,temperature-humidity,humidity,20
1106,2025-08-24T14:05:11.393,ESP32,DHT11,temperature-humidity,temperature,22
1107,2025-08-24T14:05:11.393,ESP32,DHT11,temperature-humidity,humidity,20
1108,2025-08-24T14:05:23.281,ESP32,DHT11,temperature-humidity,humidity,20
1109,2025-08-24T14:05:23.281,ESP32,DHT11,temperature-humidity,temperature,22
1110,2025-08-24T14:05:39.684,ESP32,DHT11,temperature-humidity,humidity,20
1111,2025-08-24T14:05:39.684,ESP32,DHT11,temperature-humidity,temperature,22
1112,2025-08-24T14:05:49.964,ESP32,DHT11,temperature-humidity,temperature,22
1113,2025-08-24T14:05:49.964,ESP32,DHT11,temperature-humidity,humidity,20
1114,2025-08-24T14:05:54.562,ESP32,DHT11,temperature-humidity,humidity,20
1115,2025-08-24T14:05:54.562,ESP32,DHT11,temperature-humidity,temperature,22
1116,2025-08-24T14:05:59.095,ESP32,DHT11,temperature-humidity,humidity,32
1117,2025-08-24T14:05:59.095,ESP32,DHT11,temperature-humidity,temperature,22
1118,2025-08-24T14:06:10.957,ESP32,DHT11,temperature-humidity,humidity,20
1119,2025-08-24T14:06:10.957,ESP32,DHT11,temperature-humidity,temperature,22
1120,2025-08-24T14:06:15.871,ESP32,DHT11,temperature-humidity,temperature,22
1121,2025-08-24T14:06:15.871,ESP32,DHT11,temperature-humidity,humidity,20
1122,2025-08-24T14:06:20.626,ESP32,DHT11,temperature-humidity,humidity,20
1123,2025-08-24T14:06:20.626,ESP32,DHT11,temperature-humidity,temperature,22
1124,2025-08-24T14:06:25.307,ESP32,DHT11,temperature-humidity,temperature,22
1125,2025-08-24T14:06:25.307,ESP32,DHT11,temperature-humidity,humidity,20
1126,2025-08-24T14:06:30.503,ESP32,DHT11,temperature-humidity,temperature,22
1127,2025-08-24T14:06:30.503,ESP32,DHT11,temperature-humidity,humidity,26
1128,2025-08-24T14:06:35.624,ESP32,DHT11,temperature-humidity,temperature,22
1129,2025-08-24T14:06:35.624,ESP32,DHT11,temperature-humidity,humidity,20
1130,2025-08-24T14:06:40.481,ESP32,DHT11,temperature-humidity,humidity,20
1131,2025-08-24T14:06:40.481,ESP32,DHT11,temperature-humidity,temperature,22
1132,2025-08-24T14:06:45.401,ESP32,DHT11,temperature-humidity,humidity,20
1133,2025-08-24T14:06:45.401,ESP32,DHT11,temperature-humidity,temperature,22
1134,2025-08-24T14:06:49.941,ESP32,DHT11,temperature-humidity,humidity,20
1135,2025-08-24T14:06:49.941,ESP32,DHT11,temperature-humidity,temperature,22
1136,2025-08-24T14:06:55.079,ESP32,DHT11,temperature-humidity,temperature,22
1137,2025-08-24T14:06:55.079,ESP32,DHT11,temperature-humidity,humidity,32
1138,2025-08-24T14:07:00.199,ESP32,DHT11,temperature-humidity,humidity,20
1139,2025-08-24T14:07:00.199,ESP32,DHT11,temperature-humidity,temperature,22
1140,2025-08-24T14:07:05.319,ESP32,DHT11,temperature-humidity,temperature,22
1141,2025-08-24T14:07:05.319,ESP32,DHT11,temperature-humidity,humidity,20
1142,2025-08-24T14:07:10.188,ESP32,DHT11,temperature-humidity,humidity,20
1143,2025-08-24T14:07:10.188,ESP32,DHT11,temperature-humidity,temperature,22
1144,2025-08-24T14:07:15.265,ESP32,DHT11,temperature-humidity,temperature,22
1145,2025-08-24T14:07:15.265,ESP32,DHT11,temperature-humidity,humidity,20
1146,2025-08-24T14:07:20.495,ESP32,DHT11,temperature-humidity,humidity,20
1147,2025-08-24T14:07:20.495,ESP32,DHT11,temperature-humidity,temperature,22
1148,2025-08-24T14:07:25.507,ESP32,DHT11,temperature-humidity,temperature,22
1149,2025-08-24T14:07:25.507,ESP32,DHT11,temperature-humidity,humidity,20
1150,2025-08-24T14:07:30.168,ESP32,DHT11,temperature-humidity,temperature,22
1151,2025-08-24T14:07:30.168,ESP32,DHT11,temperature-humidity,humidity,20
1152,2025-08-24T14:07:35.426,ESP32,DHT11,temperature-humidity,temperature,22
1153,2025-08-24T14:07:35.426,ESP32,DHT11,temperature-humidity,humidity,20
1154,2025-08-24T14:07:40.460,ESP32,DHT11,temperature-humidity,humidity,20
1155,2025-08-24T14:07:40.460,ESP32,DHT11,temperature-humidity,temperature,22
1156,2025-08-24T14:07:45.667,ESP32,DHT11,temperature-humidity,temperature,22
1157,2025-08-24T14:07:45.667,ESP32,DHT11,temperature-humidity,humidity,20
1158,2025-08-24T14:07:50.797,ESP32,DHT11,temperature-humidity,temperature,22
1159,2025-08-24T14:07:50.797,ESP32,DHT11,temperature-humidity,humidity,20
1160,2025-08-24T14:07:55.682,ESP32,DHT11,temperature-humidity,temperature,22
1161,2025-08-24T14:07:55.682,ESP32,DHT11,temperature-humidity,humidity,20
1162,2025-08-24T14:08:00.822,ESP32,DHT11,temperature-humidity,humidity,20
1163,2025-08-24T14:08:00.822,ESP32,DHT11,temperature-humidity,temperature,22
1164,2025-08-24T14:08:05.954,ESP32,DHT11,temperature-humidity,temperature,22
1165,2025-08-24T14:08:05.954,ESP32,DHT11,temperature-humidity,humidity,20
1166,2025-08-24T14:08:11.062,ESP32,DHT11,temperature-humidity,temperature,22
1167,2025-08-24T14:08:11.062,ESP32,DHT11,temperature-humidity,humidity,20
1168,2025-08-24T14:08:16.387,ESP32,DHT11,temperature-humidity,temperature,22
1169,2025-08-24T14:08:16.387,ESP32,DHT11,temperature-humidity,humidity,20
1170,2025-08-24T14:08:21.514,ESP32,DHT11,temperature-humidity,temperature,22
1171,2025-08-24T14:08:21.514,ESP32,DHT11,temperature-humidity,humidity,20
1172,2025-08-24T14:08:26.365,ESP32,DHT11,temperature-humidity,temperature,22
1173,2025-08-24T14:08:26.365,ESP32,DHT11,temperature-humidity,humidity,20
1174,2025-08-24T14:08:31.543,ESP32,DHT11,temperature-humidity,temperature,22
1175,2025-08-24T14:08:31.543,ESP32,DHT11,temperature-humidity,humidity,20
1176,2025-08-24T14:08:36.634,ESP32,DHT11,temperature-humidity,temperature,22
1177,2025-08-24T14:08:36.634,ESP32,DHT11,temperature-humidity,humidity,20
1178,2025-08-24T14:08:41.703,ESP32,DHT11,temperature-humidity,humidity,20
1179,2025-08-24T14:08:41.703,ESP32,DHT11,temperature-humidity,temperature,22
1180,2025-08-24T14:08:46.706,ESP32,DHT11,temperature-humidity,temperature,22
1181,2025-08-24T14:08:46.706,ESP32,DHT11,temperature-humidity,humidity,20
1182,2025-08-24T14:08:51.820,ESP32,DHT11,temperature-humidity,temperature,22
1183,2025-08-24T14:08:51.820,ESP32,DHT11,temperature-humidity,humidity,20
1184,2025-08-24T14:08:56.939,ESP32,DHT11,temperature-humidity,temperature,22
1185,2025-08-24T14:08:56.939,ESP32,DHT11,temperature-humidity,humidity,20
1186,2025-08-24T14:09:02.057,ESP32,DHT11,temperature-humidity,temperature,22
1187,2025-08-24T14:09:02.057,ESP32,DHT11,temperature-humidity,humidity,20
1188,2025-08-24T14:09:08.406,ESP32,DHT11,temperature-humidity,humidity,20
1189,2025-08-24T14:09:08.406,ESP32,DHT11,temperature-humidity,temperature,22
